_id,diagnosis_id,medical_specialty_id
1,1,183
2,3,183
3,35,183
4,44,183
5,56,183
6,99,183
7,108,183
8,109,183
9,110,183
10,111,183
11,162,183
12,163,183
13,165,183
14,180,183
15,258,183
16,283,183
17,285,183
18,289,183
19,301,183
20,311,183
21,320,183
22,339,183
23,343,183
24,349,183
25,388,183
26,393,183
27,394,183
28,399,183
29,411,183
30,431,183
31,433,183
32,456,183
33,510,183
34,543,183
35,545,183
36,567,183
37,573,183
38,576,183
39,586,183
40,643,183
41,644,183
42,646,183
43,648,183
44,659,183
45,707,183
46,722,183
47,725,183
48,748,183
49,753,183
50,759,183
51,788,183
52,826,183
53,939,183
54,986,183
55,1007,183
56,1039,183
57,1049,183
58,1057,183
59,1059,183
60,1060,183
61,1066,183
62,1067,183
63,1072,183
64,1115,183
65,1126,183
66,1145,183
67,1154,183
68,1163,183
69,1166,183
70,1178,183
71,1179,183
72,1187,183
73,1217,183
74,1218,183
75,1237,183
76,1251,183
77,1263,183
78,1265,183
79,1267,183
80,1277,183
81,1295,183
82,1523,183
83,1525,183
84,1529,183
85,1531,183
86,1533,183
87,2,184
88,35,184
89,36,184
90,74,184
91,76,184
92,80,184
93,139,184
94,164,184
95,165,184
96,169,184
97,172,184
98,178,184
99,179,184
100,180,184
101,187,184
102,197,184
103,216,184
104,256,184
105,257,184
106,258,184
107,259,184
108,260,184
109,261,184
110,262,184
111,263,184
112,264,184
113,265,184
114,282,184
115,283,184
116,301,184
117,306,184
118,307,184
119,308,184
120,309,184
121,310,184
122,311,184
123,317,184
124,343,184
125,346,184
126,347,184
127,354,184
128,385,184
129,394,184
130,396,184
131,399,184
132,401,184
133,432,184
134,433,184
135,446,184
136,450,184
137,456,184
138,546,184
139,547,184
140,549,184
141,571,184
142,606,184
143,612,184
144,647,184
145,670,184
146,679,184
147,697,184
148,788,184
149,842,184
150,895,184
151,898,184
152,903,184
153,953,184
154,955,184
155,955,184
156,958,184
157,975,184
158,987,184
159,988,184
160,991,184
161,1046,184
162,1049,184
163,1066,184
164,1081,184
165,1112,184
166,1126,184
167,1142,184
168,1171,184
169,1202,184
170,1203,184
171,1217,184
172,1240,184
173,1251,184
174,1263,184
175,1265,184
176,1267,184
177,1295,184
178,1305,184
179,1375,184
180,1379,184
181,1495,184
182,2,188
183,4,188
184,5,188
185,8,188
186,11,188
187,16,188
188,17,188
189,19,188
190,20,188
191,21,188
192,23,188
193,24,188
194,25,188
195,26,188
196,27,188
197,28,188
198,29,188
199,30,188
200,31,188
201,32,188
202,36,188
203,39,188
204,41,188
205,43,188
206,45,188
207,46,188
208,47,188
209,50,188
210,51,188
211,54,188
212,58,188
213,61,188
214,62,188
215,65,188
216,66,188
217,69,188
218,70,188
219,71,188
220,74,188
221,75,188
222,76,188
223,77,188
224,79,188
225,81,188
226,86,188
227,87,188
228,88,188
229,89,188
230,90,188
231,93,188
232,98,188
233,101,188
234,105,188
235,112,188
236,114,188
237,115,188
238,117,188
239,120,188
240,121,188
241,122,188
242,124,188
243,125,188
244,127,188
245,133,188
246,139,188
247,140,188
248,145,188
249,148,188
250,150,188
251,153,188
252,154,188
253,160,188
254,165,188
255,166,188
256,168,188
257,169,188
258,170,188
259,171,188
260,173,188
261,175,188
262,178,188
263,179,188
264,181,188
265,182,188
266,184,188
267,185,188
268,186,188
269,187,188
270,188,188
271,189,188
272,190,188
273,191,188
274,195,188
275,196,188
276,197,188
277,198,188
278,200,188
279,202,188
280,204,188
281,205,188
282,207,188
283,212,188
284,213,188
285,214,188
286,215,188
287,225,188
288,227,188
289,228,188
290,231,188
291,233,188
292,244,188
293,245,188
294,248,188
295,249,188
296,253,188
297,255,188
298,265,188
299,266,188
300,268,188
301,272,188
302,275,188
303,276,188
304,278,188
305,279,188
306,280,188
307,282,188
308,287,188
309,288,188
310,289,188
311,291,188
312,295,188
313,297,188
314,298,188
315,303,188
316,305,188
317,306,188
318,307,188
319,308,188
320,309,188
321,313,188
322,314,188
323,317,188
324,320,188
325,321,188
326,323,188
327,324,188
328,326,188
329,327,188
330,331,188
331,332,188
332,334,188
333,335,188
334,336,188
335,339,188
336,340,188
337,343,188
338,347,188
339,350,188
340,351,188
341,352,188
342,353,188
343,354,188
344,358,188
345,363,188
346,364,188
347,367,188
348,369,188
349,371,188
350,372,188
351,373,188
352,374,188
353,375,188
354,377,188
355,378,188
356,380,188
357,383,188
358,384,188
359,385,188
360,386,188
361,387,188
362,392,188
363,398,188
364,401,188
365,402,188
366,408,188
367,409,188
368,411,188
369,413,188
370,414,188
371,415,188
372,419,188
373,423,188
374,426,188
375,430,188
376,431,188
377,436,188
378,441,188
379,442,188
380,443,188
381,451,188
382,452,188
383,453,188
384,455,188
385,461,188
386,464,188
387,467,188
388,469,188
389,471,188
390,472,188
391,474,188
392,475,188
393,476,188
394,479,188
395,480,188
396,484,188
397,485,188
398,490,188
399,491,188
400,494,188
401,496,188
402,498,188
403,499,188
404,501,188
405,502,188
406,506,188
407,507,188
408,511,188
409,513,188
410,515,188
411,516,188
412,517,188
413,520,188
414,525,188
415,530,188
416,532,188
417,536,188
418,542,188
419,547,188
420,548,188
421,551,188
422,552,188
423,553,188
424,565,188
425,566,188
426,569,188
427,572,188
428,573,188
429,574,188
430,577,188
431,581,188
432,582,188
433,583,188
434,584,188
435,585,188
436,591,188
437,592,188
438,593,188
439,594,188
440,595,188
441,600,188
442,601,188
443,604,188
444,605,188
445,611,188
446,612,188
447,613,188
448,616,188
449,617,188
450,619,188
451,621,188
452,622,188
453,623,188
454,624,188
455,626,188
456,627,188
457,628,188
458,629,188
459,630,188
460,631,188
461,632,188
462,633,188
463,634,188
464,635,188
465,636,188
466,637,188
467,642,188
468,645,188
469,647,188
470,649,188
471,653,188
472,658,188
473,662,188
474,664,188
475,667,188
476,668,188
477,673,188
478,678,188
479,680,188
480,683,188
481,684,188
482,696,188
483,697,188
484,698,188
485,701,188
486,703,188
487,704,188
488,705,188
489,706,188
490,707,188
491,709,188
492,716,188
493,717,188
494,719,188
495,723,188
496,724,188
497,726,188
498,727,188
499,729,188
500,731,188
501,732,188
502,733,188
503,734,188
504,737,188
505,738,188
506,741,188
507,742,188
508,743,188
509,744,188
510,745,188
511,746,188
512,750,188
513,758,188
514,763,188
515,764,188
516,768,188
517,770,188
518,771,188
519,774,188
520,779,188
521,781,188
522,781,188
523,782,188
524,783,188
525,785,188
526,788,188
527,790,188
528,791,188
529,792,188
530,793,188
531,795,188
532,796,188
533,800,188
534,801,188
535,803,188
536,805,188
537,807,188
538,808,188
539,809,188
540,810,188
541,811,188
542,816,188
543,818,188
544,819,188
545,822,188
546,823,188
547,830,188
548,832,188
549,833,188
550,834,188
551,835,188
552,836,188
553,840,188
554,848,188
555,849,188
556,851,188
557,854,188
558,858,188
559,859,188
560,860,188
561,875,188
562,877,188
563,878,188
564,879,188
565,881,188
566,882,188
567,883,188
568,887,188
569,890,188
570,892,188
571,893,188
572,894,188
573,895,188
574,896,188
575,898,188
576,899,188
577,900,188
578,901,188
579,902,188
580,903,188
581,905,188
582,906,188
583,907,188
584,911,188
585,915,188
586,916,188
587,917,188
588,918,188
589,919,188
590,920,188
591,922,188
592,927,188
593,930,188
594,932,188
595,933,188
596,934,188
597,937,188
598,938,188
599,939,188
600,940,188
601,941,188
602,942,188
603,943,188
604,945,188
605,950,188
606,951,188
607,955,188
608,956,188
609,960,188
610,962,188
611,964,188
612,965,188
613,966,188
614,967,188
615,968,188
616,969,188
617,972,188
618,977,188
619,984,188
620,985,188
621,987,188
622,988,188
623,989,188
624,991,188
625,992,188
626,993,188
627,997,188
628,999,188
629,1000,188
630,1002,188
631,1006,188
632,1009,188
633,1010,188
634,1011,188
635,1012,188
636,1024,188
637,1025,188
638,1027,188
639,1028,188
640,1029,188
641,1030,188
642,1031,188
643,1033,188
644,1034,188
645,1036,188
646,1037,188
647,1041,188
648,1042,188
649,1043,188
650,1045,188
651,1046,188
652,1055,188
653,1057,188
654,1058,188
655,1062,188
656,1063,188
657,1066,188
658,1068,188
659,1069,188
660,1070,188
661,1071,188
662,1072,188
663,1074,188
664,1075,188
665,1076,188
666,1077,188
667,1078,188
668,1079,188
669,1080,188
670,1081,188
671,1084,188
672,1090,188
673,1091,188
674,1092,188
675,1093,188
676,1095,188
677,1096,188
678,1097,188
679,1098,188
680,1099,188
681,1100,188
682,1108,188
683,1111,188
684,1112,188
685,1113,188
686,1114,188
687,1115,188
688,1116,188
689,1118,188
690,1124,188
691,1125,188
692,1126,188
693,1127,188
694,1128,188
695,1130,188
696,1131,188
697,1133,188
698,1134,188
699,1135,188
700,1137,188
701,1138,188
702,1139,188
703,1140,188
704,1143,188
705,1144,188
706,1145,188
707,1147,188
708,1148,188
709,1151,188
710,1153,188
711,1154,188
712,1155,188
713,1157,188
714,1158,188
715,1163,188
716,1164,188
717,1165,188
718,1166,188
719,1168,188
720,1169,188
721,1170,188
722,1171,188
723,1176,188
724,1177,188
725,1179,188
726,1181,188
727,1182,188
728,1182,188
729,1183,188
730,1184,188
731,1185,188
732,1186,188
733,1186,188
734,1187,188
735,1188,188
736,1189,188
737,1190,188
738,1193,188
739,1194,188
740,1195,188
741,1196,188
742,1197,188
743,1202,188
744,1203,188
745,1204,188
746,1205,188
747,1206,188
748,1207,188
749,1209,188
750,1210,188
751,1211,188
752,1212,188
753,1213,188
754,1214,188
755,1215,188
756,1216,188
757,1218,188
758,1219,188
759,1220,188
760,1221,188
761,1222,188
762,1223,188
763,1224,188
764,1225,188
765,1233,188
766,1235,188
767,1239,188
768,1240,188
769,1243,188
770,1245,188
771,1249,188
772,1261,188
773,1263,188
774,1265,188
775,1267,188
776,1269,188
777,1271,188
778,1273,188
779,1285,188
780,1287,188
781,1297,188
782,1299,188
783,1303,188
784,1305,188
785,1307,188
786,1309,188
787,1311,188
788,1315,188
789,1317,188
790,1319,188
791,1323,188
792,1325,188
793,1327,188
794,1331,188
795,1339,188
796,1345,188
797,1349,188
798,1357,188
799,1361,188
800,1363,188
801,1369,188
802,1371,188
803,1375,188
804,1379,188
805,1383,188
806,1385,188
807,1387,188
808,1395,188
809,1403,188
810,1405,188
811,1411,188
812,1415,188
813,1417,188
814,1421,188
815,1425,188
816,1429,188
817,1431,188
818,1433,188
819,1435,188
820,1439,188
821,1441,188
822,1443,188
823,1445,188
824,1449,188
825,1455,188
826,1457,188
827,1461,188
828,1463,188
829,1465,188
830,1467,188
831,1471,188
832,1475,188
833,1479,188
834,1493,188
835,1495,188
836,1499,188
837,1501,188
838,1503,188
839,1507,188
840,1513,188
841,1515,188
842,1519,188
843,1523,188
844,1537,188
845,1540,188
846,1548,188
847,1554,188
848,1556,188
849,1558,188
850,1560,188
851,1562,188
852,1564,188
853,1568,188
854,1570,188
855,1572,188
856,1574,188
857,1576,188
858,1578,188
859,1582,188
860,1594,188
861,1596,188
862,1598,188
863,1600,188
864,1602,188
865,1610,188
866,1612,188
867,1618,188
868,1620,188
869,8,191
870,9,191
871,13,191
872,18,191
873,40,191
874,41,191
875,58,191
876,61,191
877,62,191
878,63,191
879,72,191
880,73,191
881,78,191
882,121,191
883,183,191
884,220,191
885,269,191
886,276,191
887,294,191
888,296,191
889,297,191
890,302,191
891,321,191
892,323,191
893,324,191
894,356,191
895,360,191
896,382,191
897,407,191
898,408,191
899,414,191
900,418,191
901,419,191
902,420,191
903,426,191
904,427,191
905,449,191
906,463,191
907,497,191
908,498,191
909,499,191
910,500,191
911,519,191
912,532,191
913,533,191
914,534,191
915,542,191
916,554,191
917,555,191
918,564,191
919,581,191
920,628,191
921,631,191
922,636,191
923,639,191
924,667,191
925,680,191
926,689,191
927,690,191
928,691,191
929,700,191
930,711,191
931,724,191
932,738,191
933,740,191
934,747,191
935,751,191
936,752,191
937,764,191
938,765,191
939,778,191
940,853,191
941,946,191
942,947,191
943,948,191
944,957,191
945,963,191
946,983,191
947,984,191
948,1012,191
949,1013,191
950,1014,191
951,1015,191
952,1016,191
953,1021,191
954,1053,191
955,1054,191
956,1055,191
957,1079,191
958,1084,191
959,1097,191
960,1098,191
961,1103,191
962,1106,191
963,1118,191
964,1121,191
965,1132,191
966,1140,191
967,1211,191
968,1214,191
969,1219,191
970,1226,191
971,1227,191
972,1228,191
973,1229,191
974,1230,191
975,1231,191
976,1232,191
977,1253,191
978,1275,191
979,1287,191
980,1289,191
981,1293,191
982,1317,191
983,1325,191
984,1331,191
985,1347,191
986,1359,191
987,1373,191
988,1383,191
989,1423,191
990,1429,191
991,1457,191
992,1489,191
993,1505,191
994,1507,191
995,1513,191
996,12,195
997,60,195
998,73,195
999,83,195
1000,106,195
1001,107,195
1002,131,195
1003,132,195
1004,134,195
1005,135,195
1006,136,195
1007,137,195
1008,142,195
1009,144,195
1010,147,195
1011,151,195
1012,152,195
1013,153,195
1014,219,195
1015,250,195
1016,251,195
1017,329,195
1018,330,195
1019,344,195
1020,350,195
1021,395,195
1022,397,195
1023,509,195
1024,514,195
1025,641,195
1026,678,195
1027,710,195
1028,720,195
1029,721,195
1030,723,195
1031,735,195
1032,736,195
1033,756,195
1034,778,195
1035,782,195
1036,813,195
1037,834,195
1038,861,195
1039,862,195
1040,863,195
1041,864,195
1042,866,195
1043,868,195
1044,871,195
1045,872,195
1046,873,195
1047,909,195
1048,974,195
1049,1073,195
1050,1200,195
1051,1201,195
1052,1209,195
1053,1210,195
1054,1211,195
1055,1234,195
1056,1277,195
1057,1303,195
1058,1389,195
1059,1435,195
1060,1469,195
1061,1535,195
1062,14,197
1063,98,197
1064,186,197
1065,192,197
1066,193,197
1067,270,197
1068,271,197
1069,272,197
1070,300,197
1071,319,197
1072,358,197
1073,370,197
1074,405,197
1075,523,197
1076,527,197
1077,529,197
1078,625,197
1079,799,197
1080,879,197
1081,926,197
1082,1003,197
1083,1004,197
1084,1022,197
1085,1023,197
1086,1027,197
1087,1028,197
1088,1052,197
1089,1062,197
1090,1102,197
1091,1108,197
1092,1149,197
1093,1152,197
1094,1156,197
1095,1159,197
1096,1161,197
1097,1195,197
1098,1198,197
1099,1249,197
1100,1283,197
1101,1299,197
1102,1349,197
1103,1353,197
1104,1357,197
1105,1367,197
1106,1397,197
1107,1429,197
1108,1473,197
1109,1475,197
1110,1479,197
1111,1483,197
1112,1511,197
1113,19,202
1114,21,202
1115,25,202
1116,33,202
1117,45,202
1118,46,202
1119,50,202
1120,51,202
1121,90,202
1122,93,202
1123,101,202
1124,117,202
1125,119,202
1126,122,202
1127,175,202
1128,196,202
1129,212,202
1130,225,202
1131,277,202
1132,303,202
1133,369,202
1134,398,202
1135,415,202
1136,445,202
1137,452,202
1138,485,202
1139,486,202
1140,502,202
1141,520,202
1142,548,202
1143,569,202
1144,574,202
1145,592,202
1146,595,202
1147,604,202
1148,605,202
1149,614,202
1150,615,202
1151,658,202
1152,676,202
1153,677,202
1154,683,202
1155,686,202
1156,705,202
1157,717,202
1158,732,202
1159,737,202
1160,739,202
1161,878,202
1162,891,202
1163,910,202
1164,1151,202
1165,1164,202
1166,1194,202
1167,1216,202
1168,1395,202
1169,1403,202
1170,1411,202
1171,1451,202
1172,40,226
1173,57,226
1174,72,226
1175,195,226
1176,232,226
1177,246,226
1178,247,226
1179,298,226
1180,325,226
1181,407,226
1182,410,226
1183,418,226
1184,503,226
1185,621,226
1186,622,226
1187,623,226
1188,624,226
1189,630,226
1190,635,226
1191,672,226
1192,708,226
1193,753,226
1194,1057,226
1195,1061,226
1196,1065,226
1197,1125,226
1198,42,228
1199,61,228
1200,62,228
1201,70,228
1202,71,228
1203,85,228
1204,168,228
1205,291,228
1206,295,228
1207,297,228
1208,321,228
1209,326,228
1210,386,228
1211,408,228
1212,441,228
1213,532,228
1214,613,228
1215,649,228
1216,662,228
1217,706,228
1218,744,228
1219,810,228
1220,823,228
1221,832,228
1222,858,228
1223,989,228
1224,992,228
1225,997,228
1226,1033,228
1227,1096,228
1228,1143,228
1229,1211,228
1230,1249,228
1231,1339,228
1232,1363,228
1233,1475,228
1234,52,242
1235,174,242
1236,194,242
1237,221,242
1238,257,242
1239,260,242
1240,544,242
1241,571,242
1242,757,242
1243,789,242
1244,924,242
1245,1017,242
1246,1018,242
1247,1019,242
1248,1020,242
1249,1032,242
1250,1062,242
1251,1319,242
1252,1361,242
1253,1519,242
1254,52,249
1255,59,249
1256,67,249
1257,68,249
1258,105,249
1259,129,249
1260,130,249
1261,174,249
1262,185,249
1263,194,249
1264,224,249
1265,333,249
1266,364,249
1267,365,249
1268,368,249
1269,376,249
1270,434,249
1271,471,249
1272,492,249
1273,493,249
1274,561,249
1275,597,249
1276,608,249
1277,616,249
1278,619,249
1279,745,249
1280,789,249
1281,809,249
1282,838,249
1283,876,249
1284,921,249
1285,923,249
1286,924,249
1287,952,249
1288,980,249
1289,981,249
1290,982,249
1291,1008,249
1292,1017,249
1293,1018,249
1294,1019,249
1295,1020,249
1296,1032,249
1297,1070,249
1298,1071,249
1299,1181,249
1300,1293,249
1301,1363,249
1302,1409,249
1303,1433,249
1304,1519,249
1305,66,256
1306,188,256
1307,189,256
1308,200,256
1309,248,256
1310,255,256
1311,425,256
1312,431,256
1313,497,256
1314,498,256
1315,500,256
1316,552,256
1317,577,256
1318,582,256
1319,673,256
1320,684,256
1321,709,256
1322,725,256
1323,728,256
1324,741,256
1325,763,256
1326,796,256
1327,823,256
1328,877,256
1329,890,256
1330,896,256
1331,899,256
1332,901,256
1333,909,256
1334,916,256
1335,917,256
1336,919,256
1337,920,256
1338,930,256
1339,931,256
1340,940,256
1341,942,256
1342,945,256
1343,961,256
1344,966,256
1345,977,256
1346,999,256
1347,1000,256
1348,1002,256
1349,1010,256
1350,1037,256
1351,1067,256
1352,1068,256
1353,1078,256
1354,1113,256
1355,1124,256
1356,1130,256
1357,1131,256
1358,1166,256
1359,1168,256
1360,1179,256
1361,1182,256
1362,1182,256
1363,1183,256
1364,1184,256
1365,1186,256
1366,1186,256
1367,1188,256
1368,1190,256
1369,1193,256
1370,1204,256
1371,1208,256
1372,1221,256
1373,1222,256
1374,1233,256
1375,1235,256
1376,1245,256
1377,1307,256
1378,1311,256
1379,1323,256
1380,1371,256
1381,1405,256
1382,1417,256
1383,1421,256
1384,1465,256
1385,1501,256
1386,1503,256
1387,1517,256
1388,79,270
1389,89,270
1390,95,270
1391,96,270
1392,201,270
1393,249,270
1394,313,270
1395,314,270
1396,338,270
1397,361,270
1398,392,270
1399,406,270
1400,513,270
1401,514,270
1402,530,270
1403,558,270
1404,603,270
1405,609,270
1406,611,270
1407,682,270
1408,718,270
1409,730,270
1410,734,270
1411,754,270
1412,755,270
1413,792,270
1414,794,270
1415,795,270
1416,807,270
1417,817,270
1418,886,270
1419,972,270
1420,1158,270
1421,1199,270
1422,1247,270
1423,1259,270
1424,1337,270
1425,1497,270
1426,1509,270
1427,29,273
1428,30,273
1429,82,273
1430,87,273
1431,88,273
1432,131,273
1433,132,273
1434,143,273
1435,145,273
1436,146,273
1437,173,273
1438,184,273
1439,207,273
1440,239,273
1441,322,273
1442,331,273
1443,374,273
1444,462,273
1445,469,273
1446,477,273
1447,483,273
1448,488,273
1449,494,273
1450,495,273
1451,501,273
1452,523,273
1453,524,273
1454,551,273
1455,565,273
1456,593,273
1457,596,273
1458,638,273
1459,642,273
1460,733,273
1461,748,273
1462,749,273
1463,756,273
1464,771,273
1465,775,273
1466,776,273
1467,782,273
1468,808,273
1469,812,273
1470,814,273
1471,815,273
1472,816,273
1473,818,273
1474,848,273
1475,851,273
1476,861,273
1477,868,273
1478,869,273
1479,870,273
1480,874,273
1481,909,273
1482,925,273
1483,929,273
1484,938,273
1485,941,273
1486,946,273
1487,953,273
1488,969,273
1489,990,273
1490,994,273
1491,995,273
1492,1091,273
1493,1095,273
1494,1099,273
1495,1100,273
1496,1134,273
1497,1135,273
1498,1136,273
1499,1137,273
1500,1138,273
1501,1139,273
1502,1142,273
1503,1143,273
1504,1146,273
1505,1155,273
1506,1165,273
1507,1167,273
1508,1206,273
1509,1220,273
1510,1255,273
1511,1257,273
1512,1293,273
1513,1303,273
1514,1309,273
1515,1315,273
1516,1345,273
1517,1357,273
1518,1363,273
1519,1389,273
1520,1395,273
1521,1435,273
1522,1449,273
1523,1467,273
1524,1469,273
1525,1471,273
1526,1535,273
1527,1537,273
1528,133,335
1529,203,335
1530,293,335
1531,294,335
1532,295,335
1533,325,335
1534,326,335
1535,449,335
1536,497,335
1537,498,335
1538,499,335
1539,500,335
1540,552,335
1541,564,335
1542,627,335
1543,629,335
1544,738,335
1545,752,335
1546,778,335
1547,946,335
1548,1013,335
1549,1014,335
1550,1015,335
1551,1053,335
1552,1054,335
1553,1132,335
1554,1140,335
1555,1219,335
1556,1231,335
1557,1239,335
1558,1383,335
1559,1489,335
1560,1505,335
1561,2,365
1562,4,365
1563,8,365
1564,11,365
1565,16,365
1566,17,365
1567,19,365
1568,24,365
1569,26,365
1570,27,365
1571,28,365
1572,29,365
1573,31,365
1574,32,365
1575,36,365
1576,39,365
1577,41,365
1578,43,365
1579,45,365
1580,46,365
1581,47,365
1582,50,365
1583,51,365
1584,54,365
1585,58,365
1586,61,365
1587,65,365
1588,66,365
1589,69,365
1590,70,365
1591,71,365
1592,74,365
1593,75,365
1594,76,365
1595,77,365
1596,79,365
1597,86,365
1598,87,365
1599,90,365
1600,93,365
1601,98,365
1602,101,365
1603,105,365
1604,112,365
1605,114,365
1606,115,365
1607,117,365
1608,120,365
1609,121,365
1610,122,365
1611,124,365
1612,125,365
1613,127,365
1614,139,365
1615,140,365
1616,145,365
1617,148,365
1618,150,365
1619,154,365
1620,159,365
1621,160,365
1622,166,365
1623,171,365
1624,173,365
1625,175,365
1626,177,365
1627,178,365
1628,181,365
1629,182,365
1630,184,365
1631,186,365
1632,187,365
1633,188,365
1634,189,365
1635,190,365
1636,191,365
1637,195,365
1638,196,365
1639,197,365
1640,198,365
1641,200,365
1642,202,365
1643,204,365
1644,205,365
1645,212,365
1646,213,365
1647,225,365
1648,227,365
1649,228,365
1650,231,365
1651,233,365
1652,244,365
1653,245,365
1654,248,365
1655,249,365
1656,253,365
1657,255,365
1658,265,365
1659,266,365
1660,268,365
1661,272,365
1662,275,365
1663,276,365
1664,278,365
1665,280,365
1666,281,365
1667,282,365
1668,286,365
1669,287,365
1670,288,365
1671,295,365
1672,297,365
1673,298,365
1674,303,365
1675,305,365
1676,306,365
1677,307,365
1678,308,365
1679,309,365
1680,313,365
1681,314,365
1682,317,365
1683,326,365
1684,327,365
1685,331,365
1686,332,365
1687,334,365
1688,335,365
1689,336,365
1690,339,365
1691,340,365
1692,343,365
1693,347,365
1694,351,365
1695,352,365
1696,353,365
1697,354,365
1698,358,365
1699,363,365
1700,364,365
1701,367,365
1702,369,365
1703,371,365
1704,372,365
1705,373,365
1706,374,365
1707,375,365
1708,377,365
1709,378,365
1710,383,365
1711,384,365
1712,385,365
1713,386,365
1714,387,365
1715,392,365
1716,398,365
1717,401,365
1718,402,365
1719,404,365
1720,408,365
1721,409,365
1722,413,365
1723,414,365
1724,415,365
1725,419,365
1726,420,365
1727,423,365
1728,426,365
1729,430,365
1730,431,365
1731,436,365
1732,442,365
1733,443,365
1734,451,365
1735,452,365
1736,455,365
1737,467,365
1738,469,365
1739,471,365
1740,472,365
1741,474,365
1742,475,365
1743,476,365
1744,479,365
1745,480,365
1746,484,365
1747,485,365
1748,486,365
1749,490,365
1750,494,365
1751,496,365
1752,498,365
1753,499,365
1754,501,365
1755,502,365
1756,506,365
1757,507,365
1758,511,365
1759,513,365
1760,515,365
1761,516,365
1762,517,365
1763,519,365
1764,520,365
1765,525,365
1766,526,365
1767,530,365
1768,532,365
1769,535,365
1770,536,365
1771,542,365
1772,548,365
1773,552,365
1774,553,365
1775,565,365
1776,569,365
1777,572,365
1778,573,365
1779,574,365
1780,577,365
1781,581,365
1782,582,365
1783,584,365
1784,585,365
1785,592,365
1786,593,365
1787,594,365
1788,595,365
1789,600,365
1790,601,365
1791,604,365
1792,605,365
1793,612,365
1794,613,365
1795,621,365
1796,622,365
1797,623,365
1798,624,365
1799,626,365
1800,627,365
1801,628,365
1802,629,365
1803,630,365
1804,631,365
1805,632,365
1806,633,365
1807,634,365
1808,635,365
1809,636,365
1810,637,365
1811,639,365
1812,642,365
1813,645,365
1814,647,365
1815,649,365
1816,653,365
1817,662,365
1818,664,365
1819,667,365
1820,668,365
1821,673,365
1822,674,365
1823,678,365
1824,680,365
1825,683,365
1826,684,365
1827,696,365
1828,697,365
1829,698,365
1830,701,365
1831,703,365
1832,704,365
1833,705,365
1834,707,365
1835,709,365
1836,711,365
1837,716,365
1838,717,365
1839,719,365
1840,724,365
1841,726,365
1842,727,365
1843,729,365
1844,731,365
1845,732,365
1846,733,365
1847,737,365
1848,738,365
1849,741,365
1850,742,365
1851,743,365
1852,745,365
1853,746,365
1854,750,365
1855,758,365
1856,763,365
1857,768,365
1858,770,365
1859,771,365
1860,774,365
1861,779,365
1862,781,365
1863,781,365
1864,782,365
1865,783,365
1866,785,365
1867,788,365
1868,790,365
1869,791,365
1870,792,365
1871,793,365
1872,795,365
1873,796,365
1874,800,365
1875,803,365
1876,805,365
1877,808,365
1878,810,365
1879,811,365
1880,816,365
1881,818,365
1882,819,365
1883,822,365
1884,823,365
1885,830,365
1886,833,365
1887,834,365
1888,835,365
1889,836,365
1890,840,365
1891,848,365
1892,849,365
1893,853,365
1894,854,365
1895,855,365
1896,857,365
1897,859,365
1898,860,365
1899,875,365
1900,877,365
1901,878,365
1902,879,365
1903,881,365
1904,882,365
1905,883,365
1906,884,365
1907,885,365
1908,886,365
1909,887,365
1910,888,365
1911,889,365
1912,890,365
1913,891,365
1914,892,365
1915,893,365
1916,894,365
1917,895,365
1918,896,365
1919,898,365
1920,900,365
1921,901,365
1922,902,365
1923,903,365
1924,905,365
1925,906,365
1926,907,365
1927,908,365
1928,910,365
1929,911,365
1930,913,365
1931,914,365
1932,915,365
1933,916,365
1934,917,365
1935,918,365
1936,919,365
1937,920,365
1938,922,365
1939,927,365
1940,930,365
1941,932,365
1942,933,365
1943,934,365
1944,936,365
1945,937,365
1946,938,365
1947,939,365
1948,940,365
1949,942,365
1950,945,365
1951,950,365
1952,951,365
1953,955,365
1954,956,365
1955,960,365
1956,962,365
1957,963,365
1958,965,365
1959,966,365
1960,967,365
1961,968,365
1962,971,365
1963,973,365
1964,977,365
1965,984,365
1966,985,365
1967,987,365
1968,988,365
1969,989,365
1970,990,365
1971,992,365
1972,998,365
1973,999,365
1974,1000,365
1975,1002,365
1976,1006,365
1977,1010,365
1978,1011,365
1979,1012,365
1980,1024,365
1981,1025,365
1982,1027,365
1983,1028,365
1984,1029,365
1985,1030,365
1986,1034,365
1987,1036,365
1988,1037,365
1989,1040,365
1990,1041,365
1991,1043,365
1992,1045,365
1993,1046,365
1994,1047,365
1995,1055,365
1996,1057,365
1997,1058,365
1998,1062,365
1999,1063,365
2000,1064,365
2001,1065,365
2002,1068,365
2003,1069,365
2004,1075,365
2005,1076,365
2006,1077,365
2007,1078,365
2008,1079,365
2009,1080,365
2010,1081,365
2011,1082,365
2012,1083,365
2013,1084,365
2014,1090,365
2015,1091,365
2016,1092,365
2017,1093,365
2018,1094,365
2019,1096,365
2020,1097,365
2021,1100,365
2022,1106,365
2023,1111,365
2024,1112,365
2025,1113,365
2026,1114,365
2027,1116,365
2028,1118,365
2029,1124,365
2030,1125,365
2031,1126,365
2032,1127,365
2033,1128,365
2034,1129,365
2035,1134,365
2036,1137,365
2037,1138,365
2038,1139,365
2039,1140,365
2040,1144,365
2041,1148,365
2042,1151,365
2043,1153,365
2044,1154,365
2045,1155,365
2046,1169,365
2047,1170,365
2048,1171,365
2049,1177,365
2050,1179,365
2051,1180,365
2052,1183,365
2053,1186,365
2054,1186,365
2055,1187,365
2056,1188,365
2057,1189,365
2058,1190,365
2059,1195,365
2060,1196,365
2061,1202,365
2062,1203,365
2063,1204,365
2064,1205,365
2065,1207,365
2066,1208,365
2067,1212,365
2068,1213,365
2069,1214,365
2070,1216,365
2071,1218,365
2072,1222,365
2073,1223,365
2074,1232,365
2075,1233,365
2076,1235,365
2077,1240,365
2078,1261,365
2079,1273,365
2080,1281,365
2081,1285,365
2082,1291,365
2083,1293,365
2084,1297,365
2085,1301,365
2086,1305,365
2087,1311,365
2088,1317,365
2089,1329,365
2090,1335,365
2091,1355,365
2092,1365,365
2093,1375,365
2094,1405,365
2095,1411,365
2096,1417,365
2097,1425,365
2098,1429,365
2099,1431,365
2100,1433,365
2101,1435,365
2102,1439,365
2103,1441,365
2104,1443,365
2105,1445,365
2106,1449,365
2107,1451,365
2108,1455,365
2109,1457,365
2110,1461,365
2111,1463,365
2112,1465,365
2113,1467,365
2114,1479,365
2115,1487,365
2116,1493,365
2117,1495,365
2118,1499,365
2119,1513,365
2120,1515,365
2121,1519,365
2122,1521,365
2123,1542,365
2124,1546,365
2125,1548,365
2126,1554,365
2127,1556,365
2128,1558,365
2129,1560,365
2130,1562,365
2131,1564,365
2132,1568,365
2133,1570,365
2134,1572,365
2135,1574,365
2136,1576,365
2137,1578,365
2138,1582,365
2139,1594,365
2140,1596,365
2141,1598,365
2142,1600,365
2143,1602,365
2144,1610,365
2145,1618,365
2146,1620,365
2147,31,380
2148,65,380
2149,69,380
2150,112,380
2151,113,380
2152,170,380
2153,238,380
2154,279,380
2155,341,380
2156,378,380
2157,421,380
2158,439,380
2159,440,380
2160,458,380
2161,544,380
2162,575,380
2163,583,380
2164,584,380
2165,585,380
2166,586,380
2167,616,380
2168,617,380
2169,618,380
2170,619,380
2171,657,380
2172,715,380
2173,716,380
2174,783,380
2175,832,380
2176,836,380
2177,897,380
2178,907,380
2179,927,380
2180,944,380
2181,954,380
2182,962,380
2183,993,380
2184,997,380
2185,1050,380
2186,1069,380
2187,1071,380
2188,1074,380
2189,1075,380
2190,1077,380
2191,1082,380
2192,1111,380
2193,1141,380
2194,1157,380
2195,1212,380
2196,1317,380
2197,1319,380
2198,1321,380
2199,1361,380
2200,1409,380
2201,1548,380
2202,199,414
2203,372,414
2204,373,414
2205,727,414
2206,760,414
2207,964,414
2208,1007,414
2209,1039,414
2210,1271,414
2211,1299,414
2212,1307,414
2213,1333,414
2214,1415,414
2215,1425,414
2216,1431,414
2217,1437,414
2218,1515,414
2219,1542,414
2220,232,456
2221,271,456
2222,273,456
2223,429,456
2224,478,456
2225,1044,456
2226,1053,456
2227,1055,456
2228,1067,456
2229,1068,456
2230,1135,456
2231,1176,456
2232,1187,456
2233,1239,456
2234,1245,456
2235,1307,456
2236,1323,456
2237,1421,456
2238,1503,456
2239,1562,456
2240,1,516
2241,221,516
2242,284,516
2243,428,516
2244,566,516
2245,650,516
2246,809,516
2247,867,516
2248,986,516
2249,1052,516
2250,1056,516
2251,1145,516
2252,1163,516
2253,1166,516
2254,1181,516
2255,1185,516
2256,1221,516
2257,1363,516
2258,1369,516
2259,1409,516
2260,3,595
2261,44,595
2262,56,595
2263,283,595
2264,285,595
2265,301,595
2266,311,595
2267,343,595
2268,349,595
2269,357,595
2270,388,595
2271,393,595
2272,394,595
2273,399,595
2274,411,595
2275,456,595
2276,510,595
2277,567,595
2278,586,595
2279,643,595
2280,644,595
2281,646,595
2282,753,595
2283,826,595
2284,849,595
2285,939,595
2286,1059,595
2287,1060,595
2288,1115,595
2289,1126,595
2290,1237,595
2291,1281,595
2292,1329,595
2293,1381,595
2294,1542,595
2295,1544,595
2296,11,602
2297,363,602
2298,371,602
2299,373,602
2300,375,602
2301,589,602
2302,650,602
2303,651,602
2304,652,602
2305,653,602
2306,654,602
2307,656,602
2308,661,602
2309,832,602
2310,1082,602
2311,1114,602
2312,1129,602
2313,1148,602
2314,1297,602
2315,1409,602
2316,3,774
2317,120,774
2318,158,774
2319,509,774
2320,655,774
2321,665,774
2322,715,774
2323,753,774
2324,777,774
2325,1059,774
2326,1060,774
2327,19,1191
2328,207,1191
2329,212,1191
2330,303,1191
2331,415,1191
2332,445,1191
2333,15,1193
2334,77,1193
2335,81,1193
2336,149,1193
2337,154,1193
2338,160,1193
2339,201,1193
2340,230,1193
2341,234,1193
2342,236,1193
2343,240,1193
2344,241,1193
2345,242,1193
2346,267,1193
2347,290,1193
2348,305,1193
2349,313,1193
2350,314,1193
2351,315,1193
2352,316,1193
2353,342,1193
2354,351,1193
2355,353,1193
2356,362,1193
2357,396,1193
2358,453,1193
2359,464,1193
2360,470,1193
2361,472,1193
2362,473,1193
2363,482,1193
2364,490,1193
2365,511,1193
2366,516,1193
2367,538,1193
2368,539,1193
2369,540,1193
2370,557,1193
2371,578,1193
2372,579,1193
2373,590,1193
2374,599,1193
2375,600,1193
2376,607,1193
2377,648,1193
2378,685,1193
2379,743,1193
2380,772,1193
2381,779,1193
2382,781,1193
2383,781,1193
2384,784,1193
2385,792,1193
2386,793,1193
2387,797,1193
2388,798,1193
2389,801,1193
2390,802,1193
2391,803,1193
2392,805,1193
2393,817,1193
2394,827,1193
2395,840,1193
2396,943,1193
2397,965,1193
2398,967,1193
2399,971,1193
2400,1011,1193
2401,1038,1193
2402,1040,1193
2403,1042,1193
2404,1116,1193
2405,1164,1193
2406,1179,1193
2407,1191,1193
2408,1279,1193
2409,1327,1193
2410,1351,1193
2411,1461,1193
2412,1499,1193
2413,1523,1193
2414,1525,1193
2415,1527,1193
2416,1529,1193
2417,1531,1193
2418,1533,1193
2419,158,1194
2420,257,1194
2421,439,1194
2422,440,1194
2423,458,1194
2424,842,1194
2425,1141,1194
2426,448,1195
2427,2,1196
2428,4,1196
2429,5,1196
2430,8,1196
2431,15,1196
2432,16,1196
2433,17,1196
2434,19,1196
2435,20,1196
2436,21,1196
2437,23,1196
2438,25,1196
2439,27,1196
2440,28,1196
2441,29,1196
2442,31,1196
2443,32,1196
2444,36,1196
2445,39,1196
2446,41,1196
2447,43,1196
2448,45,1196
2449,46,1196
2450,47,1196
2451,50,1196
2452,51,1196
2453,54,1196
2454,58,1196
2455,61,1196
2456,62,1196
2457,65,1196
2458,66,1196
2459,69,1196
2460,70,1196
2461,71,1196
2462,74,1196
2463,75,1196
2464,76,1196
2465,77,1196
2466,79,1196
2467,81,1196
2468,86,1196
2469,87,1196
2470,88,1196
2471,89,1196
2472,90,1196
2473,93,1196
2474,98,1196
2475,101,1196
2476,105,1196
2477,112,1196
2478,114,1196
2479,115,1196
2480,117,1196
2481,120,1196
2482,121,1196
2483,122,1196
2484,124,1196
2485,125,1196
2486,127,1196
2487,133,1196
2488,139,1196
2489,140,1196
2490,145,1196
2491,148,1196
2492,150,1196
2493,153,1196
2494,154,1196
2495,159,1196
2496,160,1196
2497,165,1196
2498,166,1196
2499,168,1196
2500,169,1196
2501,170,1196
2502,171,1196
2503,173,1196
2504,175,1196
2505,177,1196
2506,178,1196
2507,179,1196
2508,181,1196
2509,182,1196
2510,184,1196
2511,185,1196
2512,186,1196
2513,187,1196
2514,188,1196
2515,189,1196
2516,190,1196
2517,191,1196
2518,195,1196
2519,196,1196
2520,197,1196
2521,198,1196
2522,200,1196
2523,202,1196
2524,204,1196
2525,205,1196
2526,207,1196
2527,212,1196
2528,213,1196
2529,214,1196
2530,225,1196
2531,227,1196
2532,228,1196
2533,231,1196
2534,233,1196
2535,244,1196
2536,245,1196
2537,248,1196
2538,249,1196
2539,253,1196
2540,255,1196
2541,265,1196
2542,266,1196
2543,268,1196
2544,272,1196
2545,275,1196
2546,276,1196
2547,278,1196
2548,280,1196
2549,282,1196
2550,286,1196
2551,287,1196
2552,288,1196
2553,289,1196
2554,291,1196
2555,295,1196
2556,297,1196
2557,298,1196
2558,303,1196
2559,305,1196
2560,306,1196
2561,307,1196
2562,308,1196
2563,309,1196
2564,313,1196
2565,314,1196
2566,317,1196
2567,320,1196
2568,321,1196
2569,323,1196
2570,324,1196
2571,326,1196
2572,327,1196
2573,331,1196
2574,332,1196
2575,334,1196
2576,335,1196
2577,336,1196
2578,339,1196
2579,340,1196
2580,343,1196
2581,347,1196
2582,350,1196
2583,351,1196
2584,352,1196
2585,353,1196
2586,354,1196
2587,358,1196
2588,363,1196
2589,364,1196
2590,367,1196
2591,369,1196
2592,371,1196
2593,372,1196
2594,373,1196
2595,374,1196
2596,375,1196
2597,377,1196
2598,378,1196
2599,380,1196
2600,383,1196
2601,384,1196
2602,385,1196
2603,386,1196
2604,387,1196
2605,392,1196
2606,398,1196
2607,401,1196
2608,402,1196
2609,408,1196
2610,409,1196
2611,411,1196
2612,413,1196
2613,414,1196
2614,415,1196
2615,419,1196
2616,423,1196
2617,426,1196
2618,430,1196
2619,431,1196
2620,436,1196
2621,442,1196
2622,443,1196
2623,449,1196
2624,451,1196
2625,452,1196
2626,453,1196
2627,455,1196
2628,461,1196
2629,464,1196
2630,467,1196
2631,469,1196
2632,471,1196
2633,472,1196
2634,474,1196
2635,475,1196
2636,476,1196
2637,479,1196
2638,480,1196
2639,484,1196
2640,485,1196
2641,486,1196
2642,490,1196
2643,491,1196
2644,494,1196
2645,496,1196
2646,498,1196
2647,499,1196
2648,501,1196
2649,502,1196
2650,506,1196
2651,507,1196
2652,511,1196
2653,513,1196
2654,515,1196
2655,516,1196
2656,517,1196
2657,519,1196
2658,520,1196
2659,525,1196
2660,530,1196
2661,532,1196
2662,535,1196
2663,536,1196
2664,539,1196
2665,542,1196
2666,547,1196
2667,548,1196
2668,551,1196
2669,552,1196
2670,553,1196
2671,565,1196
2672,566,1196
2673,569,1196
2674,572,1196
2675,574,1196
2676,577,1196
2677,581,1196
2678,582,1196
2679,584,1196
2680,585,1196
2681,590,1196
2682,592,1196
2683,593,1196
2684,594,1196
2685,595,1196
2686,599,1196
2687,600,1196
2688,601,1196
2689,604,1196
2690,605,1196
2691,607,1196
2692,611,1196
2693,612,1196
2694,613,1196
2695,616,1196
2696,617,1196
2697,621,1196
2698,622,1196
2699,623,1196
2700,624,1196
2701,626,1196
2702,627,1196
2703,628,1196
2704,629,1196
2705,630,1196
2706,631,1196
2707,632,1196
2708,633,1196
2709,634,1196
2710,635,1196
2711,636,1196
2712,637,1196
2713,639,1196
2714,642,1196
2715,645,1196
2716,647,1196
2717,649,1196
2718,653,1196
2719,658,1196
2720,662,1196
2721,664,1196
2722,667,1196
2723,668,1196
2724,673,1196
2725,678,1196
2726,680,1196
2727,683,1196
2728,684,1196
2729,696,1196
2730,697,1196
2731,698,1196
2732,701,1196
2733,703,1196
2734,704,1196
2735,705,1196
2736,706,1196
2737,707,1196
2738,709,1196
2739,711,1196
2740,716,1196
2741,717,1196
2742,719,1196
2743,723,1196
2744,724,1196
2745,726,1196
2746,727,1196
2747,729,1196
2748,731,1196
2749,732,1196
2750,733,1196
2751,734,1196
2752,737,1196
2753,738,1196
2754,741,1196
2755,742,1196
2756,743,1196
2757,744,1196
2758,745,1196
2759,746,1196
2760,750,1196
2761,758,1196
2762,763,1196
2763,764,1196
2764,768,1196
2765,770,1196
2766,771,1196
2767,774,1196
2768,779,1196
2769,781,1196
2770,781,1196
2771,782,1196
2772,783,1196
2773,785,1196
2774,788,1196
2775,790,1196
2776,791,1196
2777,792,1196
2778,793,1196
2779,795,1196
2780,796,1196
2781,800,1196
2782,801,1196
2783,803,1196
2784,805,1196
2785,807,1196
2786,808,1196
2787,809,1196
2788,810,1196
2789,811,1196
2790,816,1196
2791,818,1196
2792,819,1196
2793,822,1196
2794,823,1196
2795,830,1196
2796,833,1196
2797,834,1196
2798,835,1196
2799,836,1196
2800,840,1196
2801,848,1196
2802,849,1196
2803,851,1196
2804,854,1196
2805,857,1196
2806,859,1196
2807,860,1196
2808,875,1196
2809,877,1196
2810,878,1196
2811,879,1196
2812,881,1196
2813,882,1196
2814,883,1196
2815,884,1196
2816,885,1196
2817,886,1196
2818,887,1196
2819,888,1196
2820,889,1196
2821,890,1196
2822,891,1196
2823,892,1196
2824,893,1196
2825,894,1196
2826,895,1196
2827,896,1196
2828,898,1196
2829,899,1196
2830,900,1196
2831,901,1196
2832,902,1196
2833,903,1196
2834,905,1196
2835,906,1196
2836,907,1196
2837,911,1196
2838,915,1196
2839,916,1196
2840,917,1196
2841,918,1196
2842,919,1196
2843,920,1196
2844,922,1196
2845,927,1196
2846,930,1196
2847,932,1196
2848,933,1196
2849,934,1196
2850,937,1196
2851,938,1196
2852,939,1196
2853,940,1196
2854,941,1196
2855,942,1196
2856,943,1196
2857,945,1196
2858,950,1196
2859,951,1196
2860,955,1196
2861,956,1196
2862,960,1196
2863,962,1196
2864,963,1196
2865,965,1196
2866,966,1196
2867,967,1196
2868,968,1196
2869,969,1196
2870,972,1196
2871,977,1196
2872,984,1196
2873,985,1196
2874,987,1196
2875,988,1196
2876,989,1196
2877,991,1196
2878,992,1196
2879,993,1196
2880,997,1196
2881,999,1196
2882,1000,1196
2883,1002,1196
2884,1006,1196
2885,1009,1196
2886,1010,1196
2887,1011,1196
2888,1012,1196
2889,1024,1196
2890,1025,1196
2891,1027,1196
2892,1028,1196
2893,1029,1196
2894,1030,1196
2895,1033,1196
2896,1034,1196
2897,1036,1196
2898,1037,1196
2899,1041,1196
2900,1042,1196
2901,1043,1196
2902,1045,1196
2903,1046,1196
2904,1055,1196
2905,1057,1196
2906,1058,1196
2907,1062,1196
2908,1063,1196
2909,1064,1196
2910,1065,1196
2911,1068,1196
2912,1069,1196
2913,1070,1196
2914,1071,1196
2915,1072,1196
2916,1077,1196
2917,1078,1196
2918,1079,1196
2919,1080,1196
2920,1081,1196
2921,1083,1196
2922,1084,1196
2923,1090,1196
2924,1093,1196
2925,1095,1196
2926,1096,1196
2927,1097,1196
2928,1098,1196
2929,1100,1196
2930,1106,1196
2931,1108,1196
2932,1111,1196
2933,1112,1196
2934,1113,1196
2935,1114,1196
2936,1115,1196
2937,1116,1196
2938,1118,1196
2939,1124,1196
2940,1125,1196
2941,1126,1196
2942,1127,1196
2943,1128,1196
2944,1129,1196
2945,1130,1196
2946,1131,1196
2947,1133,1196
2948,1134,1196
2949,1135,1196
2950,1137,1196
2951,1138,1196
2952,1139,1196
2953,1140,1196
2954,1144,1196
2955,1145,1196
2956,1147,1196
2957,1148,1196
2958,1151,1196
2959,1153,1196
2960,1154,1196
2961,1155,1196
2962,1157,1196
2963,1158,1196
2964,1164,1196
2965,1165,1196
2966,1166,1196
2967,1168,1196
2968,1169,1196
2969,1170,1196
2970,1171,1196
2971,1176,1196
2972,1177,1196
2973,1179,1196
2974,1180,1196
2975,1181,1196
2976,1182,1196
2977,1182,1196
2978,1183,1196
2979,1184,1196
2980,1185,1196
2981,1186,1196
2982,1186,1196
2983,1187,1196
2984,1188,1196
2985,1189,1196
2986,1190,1196
2987,1193,1196
2988,1194,1196
2989,1195,1196
2990,1196,1196
2991,1197,1196
2992,1202,1196
2993,1203,1196
2994,1204,1196
2995,1205,1196
2996,1206,1196
2997,1207,1196
2998,1208,1196
2999,1209,1196
3000,1210,1196
3001,1211,1196
3002,1212,1196
3003,1213,1196
3004,1214,1196
3005,1215,1196
3006,1216,1196
3007,1218,1196
3008,1219,1196
3009,1220,1196
3010,1221,1196
3011,1222,1196
3012,1223,1196
3013,1224,1196
3014,1225,1196
3015,1232,1196
3016,1233,1196
3017,1235,1196
3018,1239,1196
3019,1240,1196
3020,1241,1196
3021,1243,1196
3022,1245,1196
3023,1249,1196
3024,1261,1196
3025,1271,1196
3026,1273,1196
3027,1285,1196
3028,1287,1196
3029,1297,1196
3030,1299,1196
3031,1305,1196
3032,1307,1196
3033,1309,1196
3034,1311,1196
3035,1315,1196
3036,1323,1196
3037,1325,1196
3038,1327,1196
3039,1331,1196
3040,1339,1196
3041,1345,1196
3042,1349,1196
3043,1357,1196
3044,1369,1196
3045,1371,1196
3046,1375,1196
3047,1379,1196
3048,1383,1196
3049,1385,1196
3050,1395,1196
3051,1403,1196
3052,1405,1196
3053,1411,1196
3054,1415,1196
3055,1417,1196
3056,1421,1196
3057,1425,1196
3058,1429,1196
3059,1431,1196
3060,1435,1196
3061,1439,1196
3062,1441,1196
3063,1443,1196
3064,1445,1196
3065,1449,1196
3066,1457,1196
3067,1461,1196
3068,1463,1196
3069,1465,1196
3070,1467,1196
3071,1471,1196
3072,1479,1196
3073,1493,1196
3074,1495,1196
3075,1499,1196
3076,1501,1196
3077,1503,1196
3078,1507,1196
3079,1513,1196
3080,1515,1196
3081,1519,1196
3082,1523,1196
3083,1537,1196
3084,1540,1196
3085,1548,1196
3086,1554,1196
3087,1556,1196
3088,1558,1196
3089,1560,1196
3090,1562,1196
3091,1564,1196
3092,1568,1196
3093,1570,1196
3094,1572,1196
3095,1574,1196
3096,1576,1196
3097,1578,1196
3098,1582,1196
3099,1594,1196
3100,1596,1196
3101,1598,1196
3102,1600,1196
3103,1602,1196
3104,1610,1196
3105,1618,1196
3106,1620,1196
3107,126,1197
3108,466,1197
3109,538,1197
3110,543,1197
3111,544,1197
3112,545,1197
3113,1275,1197
3114,1277,1197
3115,1279,1197
3116,145,1199
3117,286,1199
3118,898,1199
3119,908,1199
3120,918,1199
3121,965,1199
3122,1083,1199
3123,1094,1199
3124,337,1200
3125,434,1200
3126,687,1200
3127,692,1200
3128,728,1200
3129,773,1200
3130,1061,1200
3131,1487,1200
3132,35,1201
3133,39,1201
3134,55,1201
3135,97,1201
3136,102,1201
3137,109,1201
3138,118,1201
3139,149,1201
3140,180,1201
3141,204,1201
3142,222,1201
3143,257,1201
3144,340,1201
3145,345,1201
3146,348,1201
3147,403,1201
3148,406,1201
3149,412,1201
3150,424,1201
3151,433,1201
3152,436,1201
3153,440,1201
3154,491,1201
3155,591,1201
3156,617,1201
3157,702,1201
3158,703,1201
3159,712,1201
3160,725,1201
3161,754,1201
3162,758,1201
3163,766,1201
3164,802,1201
3165,827,1201
3166,828,1201
3167,829,1201
3168,830,1201
3169,852,1201
3170,856,1201
3171,864,1201
3172,895,1201
3173,931,1201
3174,975,1201
3175,978,1201
3176,979,1201
3177,1007,1201
3178,1024,1201
3179,1025,1201
3180,1026,1201
3181,1029,1201
3182,1051,1201
3183,1080,1201
3184,1119,1201
3185,1121,1201
3186,1133,1201
3187,1141,1201
3188,1154,1201
3189,1191,1201
3190,1193,1201
3191,1205,1201
3192,1215,1201
3193,1223,1201
3194,1224,1201
3195,1225,1201
3196,1263,1201
3197,1265,1201
3198,1267,1201
3199,1269,1201
3200,1295,1201
3201,1317,1201
3202,1319,1201
3203,1321,1201
3204,1333,1201
3205,1361,1201
3206,1387,1201
3207,1427,1201
3208,1439,1201
3209,1441,1201
3210,1463,1201
3211,1517,1201
3212,1525,1201
3213,1529,1201
3214,1531,1201
3215,1533,1201
3216,1540,1201
3217,1008,1202
3218,1181,1202
3219,12,1204
3220,16,1204
3221,27,1204
3222,88,1204
3223,148,1204
3224,167,1204
3225,233,1204
3226,252,1204
3227,253,1204
3228,274,1204
3229,320,1204
3230,332,1204
3231,344,1204
3232,367,1204
3233,409,1204
3234,412,1204
3235,413,1204
3236,430,1204
3237,437,1204
3238,454,1204
3239,461,1204
3240,478,1204
3241,479,1204
3242,480,1204
3243,504,1204
3244,505,1204
3245,506,1204
3246,507,1204
3247,508,1204
3248,528,1204
3249,535,1204
3250,536,1204
3251,560,1204
3252,568,1204
3253,602,1204
3254,660,1204
3255,663,1204
3256,664,1204
3257,673,1204
3258,688,1204
3259,704,1204
3260,750,1204
3261,766,1204
3262,767,1204
3263,768,1204
3264,771,1204
3265,785,1204
3266,816,1204
3267,818,1204
3268,824,1204
3269,825,1204
3270,854,1204
3271,915,1204
3272,927,1204
3273,992,1204
3274,1007,1204
3275,1044,1204
3276,1100,1204
3277,1142,1204
3278,1176,1204
3279,1177,1204
3280,1196,1204
3281,1207,1204
3282,1213,1204
3283,1271,1204
3284,1393,1204
3285,1493,1204
3286,1552,1204
3287,1568,1204
3288,1594,1204
3289,1596,1204
3290,1618,1204
3291,151,1205
3292,153,1205
3293,171,1205
3294,350,1205
3295,469,1205
3296,678,1205
3297,680,1205
3298,723,1205
3299,862,1205
3300,974,1205
3301,1095,1205
3302,1137,1205
3303,1138,1205
3304,1200,1205
3305,1201,1205
3306,1209,1205
3307,1210,1205
3308,1220,1205
3309,1234,1205
3310,337,1206
3311,434,1206
3312,448,1206
3313,687,1206
3314,692,1206
3315,699,1206
3316,728,1206
3317,773,1206
3318,961,1206
3319,1061,1206
3320,1066,1206
3321,13,1208
3322,18,1208
3323,72,1208
3324,73,1208
3325,382,1208
3326,414,1208
3327,426,1208
3328,449,1208
3329,542,1208
3330,581,1208
3331,667,1208
3332,724,1208
3333,729,1208
3334,751,1208
3335,946,1208
3336,1045,1208
3337,1084,1208
3338,1118,1208
3339,1140,1208
3340,1232,1208
3341,1253,1208
3342,1347,1208
3343,1359,1208
3344,1383,1208
3345,26,1214
3346,27,1214
3347,28,1214
3348,37,1214
3349,38,1214
3350,65,1214
3351,190,1214
3352,278,1214
3353,594,1214
3354,742,1214
3355,796,1214
3356,1001,1214
3357,1124,1214
3358,1176,1214
3359,1204,1214
3360,1285,1214
3361,109,1217
3362,126,1217
3363,180,1217
3364,551,1217
3365,931,1217
3366,1099,1217
3367,60,1218
3368,146,1218
3369,204,1218
3370,263,1218
3371,290,1218
3372,310,1218
3373,350,1218
3374,428,1218
3375,433,1218
3376,439,1218
3377,566,1218
3378,650,1218
3379,656,1218
3380,678,1218
3381,735,1218
3382,807,1218
3383,809,1218
3384,1052,1218
3385,1056,1218
3386,1059,1218
3387,1060,1218
3388,1166,1218
3389,1181,1218
3390,1217,1218
3391,29,1219
3392,30,1219
3393,82,1219
3394,87,1219
3395,88,1219
3396,131,1219
3397,132,1219
3398,143,1219
3399,145,1219
3400,146,1219
3401,173,1219
3402,184,1219
3403,239,1219
3404,322,1219
3405,331,1219
3406,374,1219
3407,462,1219
3408,469,1219
3409,477,1219
3410,483,1219
3411,488,1219
3412,494,1219
3413,495,1219
3414,501,1219
3415,523,1219
3416,524,1219
3417,565,1219
3418,593,1219
3419,642,1219
3420,733,1219
3421,749,1219
3422,756,1219
3423,776,1219
3424,816,1219
3425,818,1219
3426,848,1219
3427,861,1219
3428,909,1219
3429,912,1219
3430,925,1219
3431,929,1219
3432,938,1219
3433,990,1219
3434,1091,1219
3435,1100,1219
3436,1134,1219
3437,1136,1219
3438,1137,1219
3439,1138,1219
3440,1139,1219
3441,1142,1219
3442,1143,1219
3443,1146,1219
3444,1155,1219
3445,1167,1219
3446,1192,1219
3447,1255,1219
3448,1257,1219
3449,1281,1219
3450,1291,1219
3451,1293,1219
3452,1301,1219
3453,1309,1219
3454,1335,1219
3455,1365,1219
3456,1389,1219
3457,1395,1219
3458,1435,1219
3459,1449,1219
3460,1467,1219
3461,1469,1219
3462,1471,1219
3463,1535,1219
3464,1546,1219
3465,74,1221
3466,76,1221
3467,80,1221
3468,139,1221
3469,164,1221
3470,172,1221
3471,178,1221
3472,187,1221
3473,197,1221
3474,216,1221
3475,259,1221
3476,261,1221
3477,262,1221
3478,264,1221
3479,265,1221
3480,283,1221
3481,301,1221
3482,306,1221
3483,307,1221
3484,309,1221
3485,310,1221
3486,311,1221
3487,317,1221
3488,346,1221
3489,347,1221
3490,354,1221
3491,385,1221
3492,394,1221
3493,399,1221
3494,401,1221
3495,432,1221
3496,433,1221
3497,446,1221
3498,450,1221
3499,456,1221
3500,549,1221
3501,606,1221
3502,612,1221
3503,647,1221
3504,670,1221
3505,697,1221
3506,788,1221
3507,842,1221
3508,888,1221
3509,895,1221
3510,898,1221
3511,903,1221
3512,912,1221
3513,955,1221
3514,958,1221
3515,975,1221
3516,987,1221
3517,988,1221
3518,1046,1221
3519,1049,1221
3520,1081,1221
3521,1112,1221
3522,1126,1221
3523,1142,1221
3524,1171,1221
3525,1202,1221
3526,1203,1221
3527,1217,1221
3528,1240,1221
3529,1305,1221
3530,1375,1221
3531,1379,1221
3532,1495,1221
3533,1544,1221
3534,1179,1223
3535,1133,1224
3536,1141,1224
3537,1275,1224
3538,1277,1224
3539,1279,1224
3540,10,1226
3541,19,1226
3542,33,1226
3543,45,1226
3544,46,1226
3545,50,1226
3546,51,1226
3547,90,1226
3548,93,1226
3549,101,1226
3550,117,1226
3551,159,1226
3552,175,1226
3553,196,1226
3554,212,1226
3555,225,1226
3556,235,1226
3557,277,1226
3558,303,1226
3559,369,1226
3560,389,1226
3561,398,1226
3562,415,1226
3563,445,1226
3564,452,1226
3565,465,1226
3566,467,1226
3567,485,1226
3568,486,1226
3569,502,1226
3570,520,1226
3571,548,1226
3572,569,1226
3573,574,1226
3574,592,1226
3575,595,1226
3576,601,1226
3577,604,1226
3578,605,1226
3579,658,1226
3580,676,1226
3581,677,1226
3582,717,1226
3583,739,1226
3584,857,1226
3585,878,1226
3586,891,1226
3587,910,1226
3588,938,1226
3589,1151,1226
3590,1216,1226
3591,1291,1226
3592,1395,1226
3593,1411,1226
3594,1443,1226
3595,1451,1226
3596,1521,1226
3597,207,1227
3598,658,1227
3599,943,1227
3600,969,1227
3601,1042,1227
3602,1070,1227
3603,1099,1227
3604,1537,1227
3605,1521,1229
3606,1535,1229
3607,1537,1229
3608,478,1230
3609,1393,1230
3610,32,1233
3611,74,1233
3612,75,1233
3613,103,1233
3614,125,1233
3615,140,1233
3616,155,1233
3617,166,1233
3618,198,1233
3619,200,1233
3620,202,1233
3621,208,1233
3622,218,1233
3623,222,1233
3624,231,1233
3625,245,1233
3626,255,1233
3627,288,1233
3628,292,1233
3629,304,1233
3630,328,1233
3631,346,1233
3632,383,1233
3633,384,1233
3634,421,1233
3635,422,1233
3636,423,1233
3637,442,1233
3638,447,1233
3639,455,1233
3640,462,1233
3641,481,1233
3642,484,1233
3643,510,1233
3644,512,1233
3645,517,1233
3646,522,1233
3647,525,1233
3648,527,1233
3649,534,1233
3650,550,1233
3651,580,1233
3652,588,1233
3653,637,1233
3654,666,1233
3655,668,1233
3656,670,1233
3657,671,1233
3658,674,1233
3659,675,1233
3660,696,1233
3661,697,1233
3662,698,1233
3663,743,1233
3664,761,1233
3665,762,1233
3666,773,1233
3667,774,1233
3668,779,1233
3669,780,1233
3670,783,1233
3671,786,1233
3672,819,1233
3673,821,1233
3674,822,1233
3675,833,1233
3676,841,1233
3677,859,1233
3678,875,1233
3679,876,1233
3680,883,1233
3681,892,1233
3682,893,1233
3683,896,1233
3684,904,1233
3685,905,1233
3686,906,1233
3687,907,1233
3688,914,1233
3689,918,1233
3690,932,1233
3691,937,1233
3692,944,1233
3693,949,1233
3694,951,1233
3695,953,1233
3696,971,1233
3697,986,1233
3698,987,1233
3699,1055,1233
3700,1063,1233
3701,1065,1233
3702,1069,1233
3703,1074,1233
3704,1076,1233
3705,1090,1233
3706,1091,1233
3707,1092,1233
3708,1093,1233
3709,1103,1233
3710,1111,1233
3711,1116,1233
3712,1163,1233
3713,1185,1233
3714,1197,1233
3715,1212,1233
3716,1240,1233
3717,1243,1233
3718,1261,1233
3719,1385,1233
3720,1441,1233
3721,1455,1233
3722,1475,1233
3723,1539,1233
3724,52,1238
3725,59,1238
3726,67,1238
3727,68,1238
3728,105,1238
3729,129,1238
3730,130,1238
3731,174,1238
3732,224,1238
3733,333,1238
3734,365,1238
3735,368,1238
3736,376,1238
3737,434,1238
3738,471,1238
3739,493,1238
3740,561,1238
3741,616,1238
3742,619,1238
3743,838,1238
3744,876,1238
3745,921,1238
3746,923,1238
3747,924,1238
3748,973,1238
3749,980,1238
3750,981,1238
3751,982,1238
3752,1017,1238
3753,1018,1238
3754,1019,1238
3755,1020,1238
3756,1433,1238
3757,1519,1238
3758,213,1240
3759,214,1240
3760,215,1240
3761,320,1240
3762,367,1240
3763,371,1240
3764,372,1240
3765,374,1240
3766,375,1240
3767,377,1240
3768,391,1240
3769,935,1240
3770,943,1240
3771,1009,1240
3772,1030,1240
3773,1031,1240
3774,1041,1240
3775,1042,1240
3776,1043,1240
3777,1147,1240
3778,1148,1240
3779,1169,1240
3780,1289,1240
3781,35,1241
3782,36,1241
3783,44,1241
3784,178,1241
3785,179,1241
3786,180,1241
3787,197,1241
3788,282,1241
3789,283,1241
3790,301,1241
3791,343,1241
3792,385,1241
3793,411,1241
3794,612,1241
3795,643,1241
3796,644,1241
3797,645,1241
3798,646,1241
3799,647,1241
3800,648,1241
3801,788,1241
3802,849,1241
3803,888,1241
3804,1049,1241
3805,1066,1241
3806,1351,1241
3807,1495,1241
3808,31,1243
3809,65,1243
3810,69,1243
3811,112,1243
3812,113,1243
3813,114,1243
3814,279,1243
3815,341,1243
3816,378,1243
3817,421,1243
3818,439,1243
3819,440,1243
3820,458,1243
3821,583,1243
3822,584,1243
3823,585,1243
3824,586,1243
3825,616,1243
3826,617,1243
3827,618,1243
3828,619,1243
3829,657,1243
3830,715,1243
3831,783,1243
3832,836,1243
3833,855,1243
3834,885,1243
3835,897,1243
3836,907,1243
3837,944,1243
3838,954,1243
3839,962,1243
3840,1050,1243
3841,1069,1243
3842,1075,1243
3843,1077,1243
3844,1082,1243
3845,1111,1243
3846,1487,1243
3847,1548,1243
3848,1247,1247
3849,1437,1247
3850,10,1249
3851,21,1249
3852,33,1249
3853,90,1249
3854,175,1249
3855,196,1249
3856,225,1249
3857,235,1249
3858,389,1249
3859,398,1249
3860,452,1249
3861,465,1249
3862,467,1249
3863,502,1249
3864,601,1249
3865,1443,1249
3866,148,1252
3867,167,1252
3868,233,1252
3869,252,1252
3870,253,1252
3871,332,1252
3872,344,1252
3873,409,1252
3874,413,1252
3875,430,1252
3876,437,1252
3877,454,1252
3878,461,1252
3879,478,1252
3880,479,1252
3881,480,1252
3882,504,1252
3883,505,1252
3884,506,1252
3885,507,1252
3886,508,1252
3887,528,1252
3888,536,1252
3889,537,1252
3890,560,1252
3891,568,1252
3892,602,1252
3893,660,1252
3894,673,1252
3895,688,1252
3896,768,1252
3897,785,1252
3898,816,1252
3899,818,1252
3900,824,1252
3901,825,1252
3902,854,1252
3903,927,1252
3904,1044,1252
3905,1100,1252
3906,1142,1252
3907,1177,1252
3908,1196,1252
3909,1207,1252
3910,1213,1252
3911,1487,1252
3912,1562,1252
3913,213,1256
3914,215,1256
3915,367,1256
3916,371,1256
3917,372,1256
3918,377,1256
3919,391,1256
3920,727,1256
3921,760,1256
3922,935,1256
3923,964,1256
3924,1030,1256
3925,1031,1256
3926,1043,1256
3927,1148,1256
3928,1169,1256
3929,1415,1256
3930,1437,1256
3931,1515,1256
3932,1542,1256
3933,149,1258
3934,538,1258
3935,802,1258
3936,827,1258
3937,1191,1258
3938,1279,1258
3939,39,1261
3940,55,1261
3941,97,1261
3942,102,1261
3943,118,1261
3944,126,1261
3945,204,1261
3946,340,1261
3947,345,1261
3948,348,1261
3949,403,1261
3950,406,1261
3951,424,1261
3952,433,1261
3953,436,1261
3954,440,1261
3955,466,1261
3956,591,1261
3957,617,1261
3958,702,1261
3959,703,1261
3960,758,1261
3961,829,1261
3962,830,1261
3963,852,1261
3964,856,1261
3965,864,1261
3966,895,1261
3967,975,1261
3968,978,1261
3969,979,1261
3970,1024,1261
3971,1025,1261
3972,1026,1261
3973,1029,1261
3974,1051,1261
3975,1080,1261
3976,1083,1261
3977,1119,1261
3978,1121,1261
3979,1223,1261
3980,1275,1261
3981,1317,1261
3982,1329,1261
3983,1355,1261
3984,1381,1261
3985,1427,1261
3986,1439,1261
3987,1463,1261
3988,1517,1261
3989,1540,1261
3990,32,1263
3991,74,1263
3992,75,1263
3993,103,1263
3994,125,1263
3995,140,1263
3996,155,1263
3997,166,1263
3998,198,1263
3999,200,1263
4000,202,1263
4001,208,1263
4002,218,1263
4003,222,1263
4004,231,1263
4005,245,1263
4006,255,1263
4007,288,1263
4008,292,1263
4009,304,1263
4010,328,1263
4011,346,1263
4012,383,1263
4013,384,1263
4014,421,1263
4015,422,1263
4016,423,1263
4017,442,1263
4018,447,1263
4019,455,1263
4020,462,1263
4021,481,1263
4022,484,1263
4023,510,1263
4024,512,1263
4025,517,1263
4026,522,1263
4027,525,1263
4028,527,1263
4029,534,1263
4030,550,1263
4031,580,1263
4032,588,1263
4033,637,1263
4034,666,1263
4035,670,1263
4036,675,1263
4037,696,1263
4038,697,1263
4039,743,1263
4040,761,1263
4041,762,1263
4042,773,1263
4043,774,1263
4044,779,1263
4045,780,1263
4046,783,1263
4047,786,1263
4048,819,1263
4049,821,1263
4050,822,1263
4051,833,1263
4052,841,1263
4053,859,1263
4054,875,1263
4055,876,1263
4056,883,1263
4057,892,1263
4058,893,1263
4059,904,1263
4060,905,1263
4061,906,1263
4062,907,1263
4063,918,1263
4064,932,1263
4065,937,1263
4066,944,1263
4067,949,1263
4068,951,1263
4069,971,1263
4070,986,1263
4071,987,1263
4072,1047,1263
4073,1055,1263
4074,1063,1263
4075,1065,1263
4076,1069,1263
4077,1074,1263
4078,1076,1263
4079,1090,1263
4080,1091,1263
4081,1092,1263
4082,1093,1263
4083,1103,1263
4084,1116,1263
4085,1240,1263
4086,1261,1263
4087,1455,1263
4088,1539,1263
4089,1281,1265
4090,1291,1265
4091,1307,1265
4092,1427,1265
4093,1461,1265
4094,1507,1265
4095,1521,1265
4096,1540,1265
4097,1542,1265
4098,1546,1265
4099,1562,1265
4100,857,1267
4101,26,1273
4102,27,1273
4103,28,1273
4104,37,1273
4105,38,1273
4106,190,1273
4107,278,1273
4108,594,1273
4109,796,1273
4110,1001,1273
4111,1124,1273
4112,1204,1273
4113,1285,1273
4114,6,1276
4115,7,1276
4116,10,1276
4117,22,1276
4118,23,1276
4119,34,1276
4120,48,1276
4121,49,1276
4122,64,1276
4123,84,1276
4124,91,1276
4125,92,1276
4126,94,1276
4127,103,1276
4128,116,1276
4129,123,1276
4130,128,1276
4131,161,1276
4132,176,1276
4133,196,1276
4134,206,1276
4135,217,1276
4136,223,1276
4137,226,1276
4138,235,1276
4139,237,1276
4140,268,1276
4141,379,1276
4142,389,1276
4143,400,1276
4144,416,1276
4145,417,1276
4146,444,1276
4147,467,1276
4148,468,1276
4149,503,1276
4150,537,1276
4151,541,1276
4152,556,1276
4153,570,1276
4154,587,1276
4155,640,1276
4156,669,1276
4157,681,1276
4158,693,1276
4159,694,1276
4160,719,1276
4161,726,1276
4162,746,1276
4163,761,1276
4164,820,1276
4165,829,1276
4166,837,1276
4167,839,1276
4168,1034,1276
4169,1051,1276
4170,1061,1276
4171,1074,1276
4172,42,1278
4173,61,1278
4174,62,1278
4175,70,1278
4176,71,1278
4177,85,1278
4178,199,1278
4179,295,1278
4180,297,1278
4181,321,1278
4182,326,1278
4183,386,1278
4184,404,1278
4185,408,1278
4186,441,1278
4187,649,1278
4188,744,1278
4189,810,1278
4190,823,1278
4191,992,1278
4192,1033,1278
4193,1143,1278
4194,1180,1278
4195,1475,1278
4196,363,1280
4197,371,1280
4198,373,1280
4199,375,1280
4200,589,1280
4201,651,1280
4202,652,1280
4203,653,1280
4204,654,1280
4205,656,1280
4206,661,1280
4207,1082,1280
4208,1114,1280
4209,1129,1280
4210,1148,1280
4211,1297,1280
4212,1381,1280
4213,66,1281
4214,189,1281
4215,200,1281
4216,248,1281
4217,255,1281
4218,425,1281
4219,431,1281
4220,577,1281
4221,582,1281
4222,673,1281
4223,709,1281
4224,728,1281
4225,763,1281
4226,796,1281
4227,823,1281
4228,877,1281
4229,890,1281
4230,896,1281
4231,899,1281
4232,901,1281
4233,931,1281
4234,940,1281
4235,966,1281
4236,977,1281
4237,999,1281
4238,1000,1281
4239,1002,1281
4240,1010,1281
4241,1036,1281
4242,1078,1281
4243,1113,1281
4244,1124,1281
4245,1183,1281
4246,1186,1281
4247,1186,1281
4248,1187,1281
4249,1188,1281
4250,1190,1281
4251,1208,1281
4252,1311,1281
4253,1405,1281
4254,1417,1281
4255,1421,1281
4256,1465,1281
4257,1503,1281
4258,1517,1281
4259,1125,1282
4260,1399,1282
4261,12,1286
4262,87,1286
4263,332,1286
4264,461,1286
4265,537,1286
4266,1100,1286
4267,1207,1286
4268,13,1287
4269,18,1287
4270,63,1287
4271,72,1287
4272,78,1287
4273,414,1287
4274,426,1287
4275,449,1287
4276,533,1287
4277,542,1287
4278,724,1287
4279,729,1287
4280,751,1287
4281,853,1287
4282,865,1287
4283,946,1287
4284,1021,1287
4285,1045,1287
4286,1084,1287
4287,1140,1287
4288,1253,1287
4289,1383,1287
4290,1041,1290
4291,54,1294
4292,209,1294
4293,229,1294
4294,274,1294
4295,275,1294
4296,437,1294
4297,478,1294
4298,479,1294
4299,480,1294
4300,505,1294
4301,526,1294
4302,528,1294
4303,529,1294
4304,531,1294
4305,563,1294
4306,626,1294
4307,632,1294
4308,633,1294
4309,634,1294
4310,701,1294
4311,750,1294
4312,766,1294
4313,767,1294
4314,1044,1294
4315,1100,1294
4316,1176,1294
4317,1393,1294
4318,1491,1294
4319,1550,1294
4320,1552,1294
4321,1562,1294
4322,1568,1294
4323,1580,1294
4324,1584,1294
4325,1594,1294
4326,1596,1294
4327,1606,1294
4328,1614,1294
4329,1618,1294
4330,1620,1294
4331,54,1295
4332,138,1295
4333,209,1295
4334,210,1295
4335,211,1295
4336,229,1295
4337,318,1295
4338,525,1295
4339,553,1295
4340,562,1295
4341,620,1295
4342,701,1295
4343,769,1295
4344,770,1295
4345,881,1295
4346,1491,1295
4347,1493,1295
4348,1550,1295
4349,1552,1295
4350,1554,1295
4351,1556,1295
4352,1558,1295
4353,1560,1295
4354,1562,1295
4355,1564,1295
4356,1566,1295
4357,1568,1295
4358,1570,1295
4359,1572,1295
4360,1574,1295
4361,1576,1295
4362,1578,1295
4363,1580,1295
4364,1582,1295
4365,1584,1295
4366,1586,1295
4367,1588,1295
4368,1590,1295
4369,1592,1295
4370,1594,1295
4371,1596,1295
4372,1598,1295
4373,1600,1295
4374,1602,1295
4375,1604,1295
4376,1606,1295
4377,1608,1295
4378,1610,1295
4379,1612,1295
4380,1614,1295
4381,1616,1295
4382,1618,1295
4383,1620,1295
4384,83,1297
4385,106,1297
4386,107,1297
4387,131,1297
4388,132,1297
4389,134,1297
4390,135,1297
4391,136,1297
4392,137,1297
4393,142,1297
4394,144,1297
4395,147,1297
4396,152,1297
4397,219,1297
4398,250,1297
4399,251,1297
4400,329,1297
4401,330,1297
4402,344,1297
4403,395,1297
4404,397,1297
4405,509,1297
4406,514,1297
4407,641,1297
4408,710,1297
4409,720,1297
4410,721,1297
4411,756,1297
4412,778,1297
4413,813,1297
4414,861,1297
4415,864,1297
4416,866,1297
4417,869,1297
4418,870,1297
4419,871,1297
4420,872,1297
4421,873,1297
4422,909,1297
4423,1192,1297
4424,1301,1297
4425,1389,1297
4426,1469,1297
4427,1535,1297
4428,947,1301
4429,948,1301
4430,957,1301
4431,963,1301
4432,983,1301
4433,984,1301
4434,996,1301
4435,73,1302
4436,151,1302
4437,152,1302
4438,153,1302
4439,350,1302
4440,678,1302
4441,723,1302
4442,813,1302
4443,834,1302
4444,862,1302
4445,863,1302
4446,974,1302
4447,1073,1302
4448,1192,1302
4449,1200,1302
4450,1201,1302
4451,1209,1302
4452,1210,1302
4453,1211,1302
4454,1234,1302
4455,8,1303
4456,9,1303
4457,41,1303
4458,124,1303
4459,276,1303
4460,296,1303
4461,297,1303
4462,321,1303
4463,323,1303
4464,324,1303
4465,419,1303
4466,426,1303
4467,427,1303
4468,497,1303
4469,498,1303
4470,499,1303
4471,500,1303
4472,532,1303
4473,534,1303
4474,542,1303
4475,552,1303
4476,581,1303
4477,628,1303
4478,636,1303
4479,689,1303
4480,724,1303
4481,738,1303
4482,747,1303
4483,764,1303
4484,765,1303
4485,947,1303
4486,948,1303
4487,983,1303
4488,984,1303
4489,1012,1303
4490,1021,1303
4491,1037,1303
4492,1053,1303
4493,1079,1303
4494,1084,1303
4495,1097,1303
4496,1098,1303
4497,1185,1303
4498,1287,1303
4499,1289,1303
4500,1325,1303
4501,1371,1303
4502,169,1308
4503,996,1321
4504,1003,1323
4505,1004,1323
4506,973,1335
4507,1192,1343
4508,10,1367
4509,23,1367
4510,33,1367
4511,90,1367
4512,175,1367
4513,196,1367
4514,225,1367
4515,235,1367
4516,268,1367
4517,389,1367
4518,398,1367
4519,452,1367
4520,465,1367
4521,467,1367
4522,502,1367
4523,601,1367
4524,473,1396
4525,1191,1396
4526,1279,1396
4527,532,1398
4528,214,1403
4529,54,1411
4530,138,1411
4531,209,1411
4532,210,1411
4533,229,1411
4534,318,1411
4535,525,1411
4536,553,1411
4537,562,1411
4538,620,1411
4539,701,1411
4540,769,1411
4541,770,1411
4542,881,1411
4543,1491,1411
4544,1493,1411
4545,1550,1411
4546,1552,1411
4547,1554,1411
4548,1556,1411
4549,1558,1411
4550,1560,1411
4551,1562,1411
4552,1564,1411
4553,1566,1411
4554,1568,1411
4555,1570,1411
4556,1572,1411
4557,1574,1411
4558,1576,1411
4559,1578,1411
4560,1580,1411
4561,1582,1411
4562,1584,1411
4563,1586,1411
4564,1592,1411
4565,1594,1411
4566,1596,1411
4567,1598,1411
4568,1600,1411
4569,1602,1411
4570,1604,1411
4571,1606,1411
4572,1608,1411
4573,1610,1411
4574,1612,1411
4575,1614,1411
4576,1618,1411
4577,1620,1411
4578,1216,1412
4579,1,1414
4580,1008,1414
4581,1181,1414
4582,40,1415
4583,57,1415
4584,72,1415
4585,232,1415
4586,325,1415
4587,407,1415
4588,410,1415
4589,418,1415
4590,672,1415
4591,1125,1415
4592,73,1416
4593,151,1416
4594,153,1416
4595,171,1416
4596,350,1416
4597,477,1416
4598,483,1416
4599,680,1416
4600,723,1416
4601,729,1416
4602,834,1416
4603,974,1416
4604,994,1416
4605,1192,1416
4606,1200,1416
4607,1201,1416
4608,1209,1416
4609,1210,1416
4610,1211,1416
4611,1234,1416
4612,1345,1416
4613,1347,1416
4614,1359,1416
4615,1471,1416
4616,1507,1416
4617,995,1426
4618,1041,1450
4619,8,1459
4620,9,1459
4621,276,1459
4622,296,1459
4623,297,1459
4624,321,1459
4625,323,1459
4626,324,1459
4627,497,1459
4628,498,1459
4629,499,1459
4630,500,1459
4631,552,1459
4632,581,1459
4633,628,1459
4634,636,1459
4635,738,1459
4636,747,1459
4637,764,1459
4638,765,1459
4639,947,1459
4640,948,1459
4641,1012,1459
4642,1079,1459
4643,1084,1459
4644,1097,1459
4645,1098,1459
4646,1185,1459
4647,1287,1459
4648,1289,1459
4649,977,1460
4650,18,1461
4651,121,1461
4652,220,1461
4653,295,1461
4654,360,1461
4655,382,1461
4656,427,1461
4657,533,1461
4658,534,1461
4659,639,1461
4660,667,1461
4661,680,1461
4662,751,1461
4663,752,1461
4664,778,1461
4665,963,1461
4666,1012,1461
4667,1084,1461
4668,1103,1461
4669,1106,1461
4670,1121,1461
4671,1140,1461
4672,1214,1461
4673,1226,1461
4674,1227,1461
4675,1228,1461
4676,1229,1461
4677,1230,1461
4678,1231,1461
4679,1232,1461
4680,1253,1461
4681,1275,1461
4682,1287,1461
4683,1347,1461
4684,1359,1461
4685,1373,1461
4686,1383,1461
4687,1423,1461
4688,1429,1461
4689,1457,1461
4690,1489,1461
4691,1505,1461
4692,1507,1461
4693,1513,1461
4694,18,1462
4695,382,1462
4696,426,1462
4697,427,1462
4698,667,1462
4699,1084,1462
4700,1140,1462
4701,1214,1462
4702,1232,1462
4703,1253,1462
4704,360,1463
4705,1226,1463
4706,1227,1463
4707,1228,1463
4708,1229,1463
4709,1230,1463
4710,1231,1463
4711,1373,1463
4712,62,1464
4713,202,1482
4714,403,1482
4715,783,1482
4716,875,1482
4717,1069,1482
4718,209,1494
4719,1540,1495
4720,881,1496
4721,1602,1496
4722,1239,1497
4723,1505,1497
4724,1519,1499
4725,192,1501
4726,1283,1501
4727,1283,1501
4728,1355,1501
4729,1367,1501
4730,1397,1501
4731,1429,1501
4732,1473,1501
4733,1475,1501
4734,1479,1501
4735,1483,1501
4736,1511,1501
4737,1421,1502
4738,1503,1502
4739,1562,1502
4740,1337,1504
4741,1497,1504
4742,1509,1504
4743,318,1505
4744,1612,1505
4745,1616,1505
4746,35,1507
4747,95,1507
4748,109,1507
4749,111,1507
4750,126,1507
4751,149,1507
4752,180,1507
4753,240,1507
4754,257,1507
4755,403,1507
4756,433,1507
4757,466,1507
4758,543,1507
4759,545,1507
4760,573,1507
4761,576,1507
4762,644,1507
4763,725,1507
4764,931,1507
4765,975,1507
4766,1007,1507
4767,1039,1507
4768,1049,1507
4769,1263,1507
4770,1265,1507
4771,1267,1507
4772,1277,1507
4773,1295,1507
4774,1329,1507
4775,1333,1507
4776,1361,1507
4777,1381,1507
4778,1525,1507
4779,1529,1507
4780,1531,1507
4781,1533,1507
4782,66,1510
4783,188,1510
4784,189,1510
4785,200,1510
4786,248,1510
4787,255,1510
4788,425,1510
4789,431,1510
4790,497,1510
4791,498,1510
4792,500,1510
4793,552,1510
4794,577,1510
4795,582,1510
4796,673,1510
4797,684,1510
4798,709,1510
4799,725,1510
4800,728,1510
4801,741,1510
4802,763,1510
4803,796,1510
4804,823,1510
4805,877,1510
4806,890,1510
4807,896,1510
4808,899,1510
4809,901,1510
4810,909,1510
4811,916,1510
4812,917,1510
4813,919,1510
4814,920,1510
4815,930,1510
4816,931,1510
4817,940,1510
4818,942,1510
4819,945,1510
4820,961,1510
4821,966,1510
4822,977,1510
4823,999,1510
4824,1000,1510
4825,1002,1510
4826,1010,1510
4827,1037,1510
4828,1067,1510
4829,1068,1510
4830,1078,1510
4831,1113,1510
4832,1124,1510
4833,1130,1510
4834,1131,1510
4835,1166,1510
4836,1168,1510
4837,1179,1510
4838,1182,1510
4839,1183,1510
4840,1184,1510
4841,1186,1510
4842,1188,1510
4843,1190,1510
4844,1193,1510
4845,1204,1510
4846,1208,1510
4847,1221,1510
4848,1222,1510
4849,1233,1510
4850,1235,1510
4851,1245,1510
4852,1307,1510
4853,1311,1510
4854,1323,1510
4855,1371,1510
4856,1405,1510
4857,1417,1510
4858,1421,1510
4859,1465,1510
4860,1501,1510
4861,1503,1510
4862,1517,1510
