_id,chief_complaint_id,diagnosis_id,most_common,common_peds,life_or_limb_threatening
3,1,163,1,,1
4,1,164,1,,1
5,1,165,1,0,
6,1,187,1,1,0
8,1,306,1,,1
9,1,307,1,,0
10,1,308,1,1,0
11,1,309,1,1,0
13,1,354,1,,0
18,1,401,1,,0
19,1,411,0,0,1
21,1,513,1,0,0
23,1,546,1,0,1
31,1,722,0,0,1
33,2,56,1,1,1
35,2,179,1,0,1
36,2,236,,,1
37,2,388,1,1,0
39,2,539,1,,0
40,2,540,0,0,1
41,2,557,1,,0
42,2,600,1,0,
44,2,793,1,1,0
45,2,795,1,,0
46,3,44,1,,
47,3,106,,,1
48,3,108,,,0
49,3,707,1,1,0
50,3,209,1,1,0
51,3,250,,,1
52,3,294,,,
53,3,432,,,
54,3,439,,,1
55,3,568,1,1,1
56,3,660,,,1
57,3,720,,,1
58,4,20,1,,0
59,4,22,1,,1
60,4,23,1,,1
62,4,25,1,,0
63,4,206,1,,1
67,5,93,1,,0
68,5,212,1,,1
70,5,372,,,1
71,5,378,1,,1
73,5,520,,,0
74,5,548,1,,
75,5,574,1,1,
76,5,595,1,1,
78,5,732,1,,
79,6,140,1,1,0
80,6,191,1,1,0
81,6,204,,,1
82,6,302,1,1,0
83,6,321,,,0
84,6,350,,,0
86,6,492,1,,1
87,6,532,1,,0
89,6,565,1,,0
91,6,662,1,0,0
92,6,689,,1,1
94,6,729,1,1,0
97,7,1,,,1
98,7,102,,,1
100,7,219,,,1
103,7,350,1,0,0
105,7,546,0,0,1
106,7,557,0,0,0
107,7,637,1,1,1
109,7,678,1,,0
111,7,723,0,0,0
112,7,729,1,1,0
113,7,776,,1,1
114,7,793,1,1,0
115,7,813,0,0,1
116,8,55,,,1
117,8,208,,,1
118,8,222,,,1
120,8,340,1,1,0
121,8,424,,1,0
122,8,436,1,,1
123,8,455,,1,0
124,8,484,,1,1
125,8,491,1,,1
126,8,652,,,1
127,8,828,,,0
128,8,830,1,,0
129,9,253,1,1,0
130,9,263,,,1
131,9,307,1,,0
132,9,341,,,0
133,9,345,,1,0
134,9,394,,1,1
135,9,399,,1,1
137,9,403,,,0
138,9,450,1,,0
140,9,712,,,0
144,10,32,,,
146,10,125,1,1,1
147,10,178,1,,0
148,10,179,1,,1
149,10,197,1,,1
151,10,231,1,1,1
154,10,393,1,,1
155,10,394,,1,1
156,10,399,,1,1
157,10,450,0,0,0
160,10,670,1,1,1
161,10,675,,,0
162,10,697,1,1,1
164,10,788,1,,0
165,10,830,1,,0
166,11,108,1,,0
167,11,109,1,,0
169,11,111,1,,0
170,11,140,1,,0
171,11,191,1,1,0
172,11,289,1,,0
175,11,453,1,,
178,12,9,1,0,0
179,12,78,1,,
180,12,183,,,1
181,12,140,1,1,0
182,12,191,1,1,0
183,12,204,1,,1
184,12,220,0,0,0
185,12,302,0,1,0
186,12,321,,,0
187,12,566,0,0,0
188,12,729,1,1,0
192,13,195,1,1,0
193,13,221,1,,1
194,13,224,1,,1
200,13,265,1,,
202,13,309,1,1,0
203,13,354,1,,0
207,13,471,,,0
208,13,492,1,,1
210,13,561,1,,1
213,13,585,1,1,1
214,13,586,1,1,1
215,13,608,,,0
216,13,617,1,,1
218,13,698,1,,0
221,13,789,1,,1
223,14,140,1,1,0
227,14,252,,1,1
230,14,387,1,1,0
231,14,443,,,0
232,14,447,,,1
234,14,462,,,1
235,14,474,1,1,0
236,14,536,1,1,0
237,14,557,1,,0
238,14,567,,,1
239,14,572,1,1,
240,14,585,1,1,1
241,14,674,1,1,
243,14,704,1,1,0
245,14,790,1,1,0
246,14,793,1,1,0
247,14,800,1,1,0
250,15,23,1,,1
252,15,39,0,0,0
253,15,128,1,1,1
255,15,146,1,,1
258,15,205,1,1,1
260,15,215,1,1,1
261,15,225,1,0,1
262,15,246,,,1
264,15,251,1,1,1
267,15,372,1,1,1
268,15,375,1,,1
270,15,377,1,,0
271,15,378,1,1,1
273,15,395,1,,1
274,15,448,,,1
275,15,462,1,1,1
279,15,657,1,1,1
282,15,736,1,,1
285,16,36,,1,0
287,16,179,1,,1
288,16,180,1,,1
289,16,205,1,1,1
290,16,282,1,1,0
291,16,343,1,,0
293,16,373,0,0,1
294,16,377,1,,0
297,16,401,1,1,0
299,16,415,,,
303,16,549,,,
304,16,599,1,0,
306,17,5,1,,0
307,17,69,1,1,1
309,17,113,0,0,1
310,17,115,1,1,
311,17,170,1,0,0
312,17,185,1,,1
314,17,309,,1,0
315,17,413,1,1,0
318,17,585,1,1,1
324,17,836,1,1,1
329,18,197,1,1,1
330,18,263,1,,1
333,18,345,,1,0
334,18,307,1,,0
335,18,399,,1,1
337,18,450,1,,0
338,18,456,,1,0
339,18,712,1,,0
342,18,826,,,1
343,18,830,1,,0
345,19,737,1,,
346,19,93,1,1,0
347,19,445,1,,1
348,19,595,1,,
350,19,212,1,1,1
351,20,74,1,1,1
354,20,197,1,0,1
356,20,202,0,0,0
358,20,231,1,1,1
363,20,401,1,1,0
367,20,446,1,1,0
369,20,547,,,1
370,20,668,1,1,
371,20,670,0,1,1
372,20,786,0,0,1
373,20,788,1,0,0
377,21,59,1,1,1
378,21,67,1,,1
379,21,99,1,,1
380,21,105,1,1,1
381,21,128,,1,1
383,21,146,1,,1
384,21,205,,1,1
385,21,536,0,1,0
387,21,376,1,1,1
388,21,483,,,0
390,21,548,,,
395,21,775,1,,1
396,22,756,1,1,1
397,22,214,1,1,0
398,22,454,,,0
399,22,508,,,0
400,22,523,1,1,
401,22,527,1,1,1
402,22,528,1,1,1
403,22,529,1,1,1
404,22,576,0,0,0
405,22,748,0,0,1
406,22,743,0,0,1
407,23,87,,,0
408,23,148,1,1,0
411,23,535,1,1,0
412,23,536,1,1,0
413,23,572,1,1,
414,23,642,,,0
415,23,785,1,1,0
416,24,87,,,0
417,24,148,1,1,0
418,24,167,,,0
420,24,535,1,1,0
421,24,536,1,1,0
422,24,572,1,1,
423,24,642,,,0
424,24,785,1,1,0
425,25,61,1,1,0
426,25,121,1,,0
427,25,140,1,1,0
428,25,191,1,1,0
429,25,220,0,1,0
430,25,302,1,1,0
431,25,321,1,0,0
432,25,414,1,,0
435,25,639,1,1,0
436,25,689,0,0,1
437,25,729,1,1,0
438,25,740,0,1,0
440,26,14,,,1
441,26,98,,,
442,26,136,,,1
443,26,186,1,1,0
444,26,192,1,1,0
445,26,193,1,1,0
446,26,300,,,0
447,26,319,,,1
448,26,358,1,1,
449,26,370,1,1,
450,26,405,,,
451,26,469,1,,0
452,26,524,,,1
453,26,527,,1,1
454,26,563,1,1,1
455,26,704,1,1,0
456,26,748,,,1
457,26,774,,,0
458,26,799,1,,0
459,27,87,,,0
460,27,173,,,0
461,27,191,1,1,0
462,27,209,1,1,0
463,27,454,,,0
464,27,553,,,0
465,27,698,1,,0
466,27,701,,,0
467,27,704,1,1,0
468,27,748,1,0,1
469,27,750,1,,0
470,27,782,1,0,0
473,28,59,1,1,1
474,28,68,0,0,1
475,28,99,1,1,1
477,28,146,,,1
478,28,310,1,1,1
479,28,368,0,1,1
480,28,376,1,1,1
482,28,597,1,0,0
483,28,775,0,0,1
485,28,811,1,1,0
486,28,838,,1,1
488,29,140,1,1,0
489,29,163,1,,1
491,29,224,,,1
492,29,252,,1,1
494,29,327,1,1,0
495,29,387,1,1,0
498,29,447,,,1
499,29,455,,1,0
500,29,462,,1,1
501,29,474,1,1,0
502,29,536,1,1,0
503,29,557,1,,0
505,29,572,1,1,
506,29,585,1,1,1
509,29,790,1,1,0
510,29,773,,,1
511,29,704,1,1,0
512,29,793,1,1,0
513,29,800,,1,0
514,30,32,,,
515,30,125,1,1,1
516,30,155,,,1
517,30,166,,,1
518,30,208,1,1,1
519,30,231,1,1,1
520,30,239,,,1
521,30,292,,,
522,30,317,1,1,0
523,30,328,,,1
524,30,347,1,1,0
526,30,421,,,1
527,30,422,0,0,1
528,30,423,0,0,1
529,30,442,0,0,1
530,30,447,1,1,1
531,30,517,,,0
532,30,522,0,0,1
533,30,580,,,1
534,30,666,0,0,1
535,30,668,,1,
537,30,671,,,1
538,30,675,,,0
539,30,697,1,1,1
540,30,714,,,1
542,30,783,,,0
543,30,786,1,1,1
544,30,819,,,1
545,30,821,,,1
546,30,833,1,1,1
547,30,841,1,1,1
549,31,822,,1,0
550,31,75,,1,1
551,31,304,1,1,0
552,31,550,1,1,1
553,31,126,1,,0
554,31,386,1,,0
555,31,70,1,,0
556,32,1,,,1
558,32,163,,,1
559,32,165,1,,
562,32,197,,,1
563,32,179,1,,1
567,32,513,1,,0
569,32,637,1,1,1
570,32,659,1,,1
573,32,788,,,0
574,32,793,1,1,0
576,33,89,1,,0
577,33,95,,,0
578,33,96,,,0
579,33,201,1,,0
580,33,511,,,0
581,33,513,1,0,0
582,33,609,,,0
583,33,611,1,,0
584,33,637,1,1,1
585,33,792,1,1,0
586,33,793,1,1,0
587,33,794,,1,0
588,34,61,,,0
589,34,140,1,1,0
590,34,191,1,1,0
591,34,220,1,1,0
593,34,321,,,0
594,34,410,1,1,0
595,34,449,1,,
596,34,552,1,1,0
598,34,738,1,1,
599,34,751,1,,0
600,34,752,,,0
601,35,124,1,,0
602,35,140,1,1,0
603,35,183,,,1
604,35,276,,,0
606,35,321,1,,0
607,35,323,1,,0
608,35,324,1,,0
609,35,565,1,,0
610,35,581,1,,0
611,35,582,,1,0
612,35,621,,1,
613,35,724,1,1,0
614,35,747,,,0
615,35,751,1,,0
616,36,159,1,1,1
617,36,54,,,0
619,36,59,,,1
622,36,177,1,1,0
624,36,210,1,,0
626,36,302,,,0
627,36,308,1,1,0
628,36,399,1,1,1
629,36,462,,,1
632,36,687,1,1,1
633,36,730,,,1
634,36,736,,,1
638,37,284,,,1
639,37,388,1,1,0
640,37,285,,,
641,37,244,1,1,0
642,37,513,1,,0
644,37,426,1,,0
645,37,204,1,,1
648,38,23,1,,1
649,38,33,1,,1
651,38,93,,,0
654,38,444,1,,
658,38,677,1,1,1
659,38,749,1,1,1
660,39,61,1,,0
661,39,133,1,,0
662,39,140,1,1,0
663,39,151,,,0
665,39,191,1,1,0
667,39,220,,,0
669,39,321,,,0
670,39,339,,,
676,39,751,1,,0
677,40,30,1,1,1
678,40,83,,,1
679,40,143,,,0
680,40,147,,,1
681,40,152,1,,1
682,40,184,1,1,0
683,40,191,1,1,0
684,40,251,1,1,1
685,40,253,1,1,0
686,40,331,1,1,0
687,40,332,,,0
688,40,339,1,1,
689,40,344,1,1,1
690,40,395,,,1
691,40,593,1,,0
692,40,672,1,1,
693,40,710,1,1,1
694,40,735,,,1
695,40,736,1,1,1
696,40,816,,,0
701,41,128,,,1
704,41,153,,,0
705,41,173,1,,0
707,41,319,,,1
708,41,329,1,1,1
713,41,462,,1,1
714,41,469,1,1,0
715,41,536,1,1,0
720,41,748,,,1
721,41,790,1,1,0
725,42,581,1,,0
726,42,8,1,,0
727,42,302,1,1,0
728,42,747,1,0,0
729,43,29,,,1
730,43,205,1,1,1
731,43,247,1,1,1
732,43,331,1,1,0
733,43,334,1,1,0
734,43,335,1,1,
735,43,336,,1,
736,43,337,,,1
737,43,448,,,1
738,43,661,,,1
739,44,33,,,1
740,44,146,1,,1
741,44,174,,1,1
742,44,175,,,1
743,44,234,,,1
744,44,266,1,,0
745,44,365,1,,1
746,44,367,1,,0
748,44,573,,,1
750,44,650,,,0
751,44,651,,,0
752,44,653,1,1,0
753,44,693,,,0
754,44,810,,,0
755,44,835,1,,0
756,45,61,1,,0
757,45,62,1,1,0
758,45,63,,1,0
759,45,121,1,,0
760,45,140,,1,0
761,45,191,1,1,0
762,45,220,1,,0
763,45,321,,,0
764,45,349,,1,0
765,45,350,,,0
766,45,356,1,,1
767,45,420,,1,0
768,45,533,,,0
769,45,678,1,,0
770,45,690,1,1,1
771,45,711,,1,0
772,45,729,1,1,0
773,46,26,1,1,1
774,46,37,,1,1
776,46,190,,,
777,46,278,,,0
778,46,742,,1,0
779,47,28,,1,0
780,47,115,1,1,
781,47,126,,,0
783,47,298,1,1,1
784,47,309,,,0
785,47,384,,1,0
786,47,413,1,1,0
787,47,542,1,,0
788,47,594,1,1,0
789,47,716,1,,0
791,47,824,,,0
792,47,825,,,0
793,48,20,1,,0
794,48,46,,,0
795,48,146,,,1
796,48,226,,,1
797,48,246,1,1,1
798,48,377,1,,0
801,49,134,,,1
802,49,145,,1,0
803,49,146,,,1
804,49,201,1,,0
805,49,282,,1,0
807,49,483,1,,0
808,49,514,1,,0
809,49,599,1,,
813,49,734,1,,
814,49,793,1,1,0
816,50,43,1,1,0
817,50,47,1,1,
818,50,86,1,1,0
820,50,475,1,1,
821,50,681,,,1
822,50,719,1,1,0
823,50,796,1,1,0
826,51,33,1,,1
828,51,93,,,0
829,51,122,1,,0
830,51,212,1,1,1
831,51,402,1,,
832,51,501,,,0
835,51,658,1,,0
836,52,26,1,1,1
837,52,66,1,1,0
839,52,189,1,1,0
840,52,200,,,0
841,52,351,,,0
845,52,653,0,0,0
846,52,698,1,,0
847,52,741,,1,0
848,52,763,1,1,0
849,52,796,1,1,0
850,53,121,1,,0
851,53,302,1,1,0
852,53,321,1,,0
853,53,441,0,0,0
854,53,532,1,,0
855,53,534,,,1
857,53,662,1,0,0
858,53,689,,1,1
859,53,751,1,1,0
860,54,406,,,0
861,54,513,1,,0
862,54,589,,,0
863,54,637,1,1,1
864,54,654,,,1
865,54,655,,,1
866,54,656,,,1
867,55,61,1,,0
868,55,62,,1,0
869,55,121,1,1,0
870,55,140,1,1,0
871,55,191,1,1,0
872,55,220,,1,0
873,55,302,,,0
874,55,321,,,0
875,55,427,1,,0
876,55,463,1,,0
877,55,532,1,,0
878,55,533,,,0
879,55,554,1,1,
880,55,555,,,
881,55,613,,,0
882,55,678,,,0
883,55,691,,1,1
884,55,729,1,1,0
885,56,40,1,1,0
886,56,57,1,1,0
887,56,232,,,0
888,56,271,,,0
889,56,273,1,1,0
890,56,293,1,1,0
891,56,296,1,1,0
892,56,325,1,1,0
893,56,407,,,0
894,56,418,1,1,
895,56,429,1,1,0
896,56,478,1,1,0
897,56,672,1,1,
898,56,708,1,1,
899,56,764,,,0
901,57,140,1,1,0
902,57,183,,,1
903,57,191,1,1,0
904,57,204,1,,1
905,57,302,,1,0
906,57,321,,,0
907,57,350,,,0
909,57,532,1,,0
911,57,565,1,,0
914,57,678,1,,0
915,57,689,,,1
917,57,729,1,1,0
919,57,810,,,0
920,58,126,,,0
921,58,140,1,1,0
922,58,191,1,1,0
923,58,204,1,,1
924,58,302,1,1,0
925,58,321,,,0
926,58,427,1,,0
927,58,532,1,,0
929,58,613,,,0
931,58,689,,,1
932,58,724,1,1,0
933,58,729,1,1,0
934,58,810,,,0
935,59,21,1,,1
936,59,39,1,1,0
937,59,45,,,0
938,59,71,,,0
939,59,126,,,0
940,59,168,,,
941,59,169,,,0
942,59,171,,,0
943,59,185,,,1
944,59,205,1,1,1
945,59,212,1,,1
946,59,213,1,,0
947,59,225,1,,1
948,59,383,1,1,1
950,59,451,,1,0
951,59,462,1,1,1
952,59,501,,,0
954,59,652,1,,1
955,59,653,,,0
956,60,7,,1,1
957,60,163,1,,1
958,60,165,1,,
959,60,172,1,,1
960,60,347,1,1,0
961,60,679,,,1
962,60,433,,,0
964,61,85,,,0
965,61,119,,,
966,61,211,1,,
967,61,318,1,,0
968,61,327,1,1,0
969,61,352,,,0
970,61,525,,,0
971,61,526,1,1,
973,61,649,,,0
974,61,770,1,1,
975,61,777,1,1,1
976,62,71,0,0,0
977,62,280,1,1,0
978,62,291,1,,0
979,62,387,1,1,0
980,62,494,0,1,0
981,62,495,0,1,1
982,62,510,0,0,1
983,62,542,1,1,0
984,62,661,1,1,1
985,62,773,,,1
986,62,780,,,0
987,63,497,1,1,0
988,63,498,1,1,0
989,63,499,1,1,0
990,63,500,1,1,0
991,64,60,,1,0
992,64,97,1,1,0
993,64,228,1,1,0
994,64,329,0,0,1
995,64,348,0,0,0
997,64,507,1,1,
998,64,454,,,0
1000,64,504,0,0,0
1001,64,663,,,0
1002,64,688,1,0,0
1003,64,758,0,0,1
1004,64,832,0,0,0
1005,64,830,1,0,0
1006,65,184,,,0
1007,65,253,1,1,0
1008,65,505,1,1,0
1009,65,560,,,0
1010,65,602,,,0
1011,66,31,1,,1
1013,66,128,,,1
1017,66,184,1,1,0
1018,66,215,1,1,1
1019,66,307,1,1,0
1020,66,308,1,1,0
1024,66,409,1,1,
1028,66,469,1,1,0
1029,66,492,,,1
1031,66,549,,1,
1036,67,131,,,1
1038,67,219,,,1
1040,67,350,1,0,0
1043,67,760,0,0,0
1044,67,771,1,1,0
1045,67,812,,,1
1046,67,834,1,1,0
1047,68,118,,1,1
1048,68,140,1,1,0
1049,68,150,1,1,0
1050,68,320,1,,0
1051,68,431,1,1,0
1054,68,759,,1,
1055,69,128,,,1
1056,69,133,1,,0
1057,69,146,1,,1
1058,69,183,,1,1
1059,69,322,,,1
1060,69,369,1,1,
1061,69,428,,,1
1062,69,442,0,1,1
1063,69,483,1,0,0
1064,69,565,1,,0
1065,69,757,0,0,0
1066,69,776,,1,1
1067,69,778,1,1,1
1068,69,833,0,1,1
1069,70,199,,1,0
1070,70,377,1,,0
1071,70,590,,,0
1073,70,727,1,1,
1074,71,6,1,1,1
1075,71,34,1,,1
1076,71,49,,,1
1077,71,64,1,1,1
1078,71,84,,,1
1079,71,91,1,,1
1080,71,123,,,1
1081,71,176,1,,1
1082,71,196,,1,1
1083,71,223,,,1
1084,71,217,,1,1
1085,71,379,1,1,1
1086,71,391,,,1
1087,71,503,1,,1
1089,71,829,,,1
1092,72,96,,,0
1093,72,201,,,0
1094,72,392,,,0
1095,72,511,1,,0
1099,72,792,1,1,0
1100,72,793,1,1,0
1102,73,50,1,1,0
1103,73,129,1,1,1
1105,73,383,,1,1
1106,73,492,1,,1
1107,73,541,,1,1
1108,74,77,,,
1109,74,236,,,1
1110,74,241,1,,0
1111,74,290,1,,0
1112,74,353,1,,0
1113,74,392,1,,0
1114,74,401,,1,0
1115,74,472,1,1,
1116,74,539,1,1,0
1117,74,540,,1,1
1118,74,557,1,1,0
1119,74,607,1,,
1120,74,685,,,
1121,74,784,,,0
1122,75,160,1,1,0
1123,75,511,1,1,0
1124,75,351,1,1,0
1125,75,490,,,0
1126,75,696,1,1,0
1127,75,781,,,0
1128,75,791,,,0
1129,76,313,1,1,0
1130,76,79,,1,
1131,76,558,,,0
1132,76,603,1,1,0
1133,77,6,1,1,1
1134,77,34,1,,1
1135,77,49,,,1
1136,77,64,1,1,1
1137,77,84,,,1
1138,77,91,1,,1
1139,77,123,,,1
1140,77,128,1,1,1
1141,77,161,,,1
1142,77,176,1,,1
1143,77,223,,,1
1144,77,217,,1,1
1145,77,379,1,1,1
1146,77,400,,,1
1147,77,391,,,1
1148,77,669,,,0
1149,77,416,,,1
1150,77,503,1,,1
1152,77,570,,,1
1153,77,640,,,1
1154,77,829,,,1
1156,78,15,,,0
1157,78,236,1,,1
1158,78,277,,,0
1159,78,315,1,,
1160,78,316,1,,0
1161,78,473,,,0
1162,78,342,1,,1
1163,78,362,1,,
1164,78,396,,,0
1165,78,482,1,,
1166,78,772,,,1
1167,79,19,,1,0
1168,79,46,1,1,0
1169,79,51,1,1,0
1170,79,93,1,,0
1171,79,101,,,0
1172,79,117,1,1,0
1174,79,225,1,1,1
1175,79,303,,,0
1176,79,369,1,1,
1177,79,398,,,
1178,79,485,,,0
1179,79,486,,1,0
1180,79,520,,,0
1181,79,548,1,,
1182,79,569,1,,0
1185,79,605,1,0,0
1187,79,615,,,0
1188,79,676,1,,0
1189,79,677,1,,1
1190,79,683,,,0
1191,79,686,1,1,1
1192,79,739,1,1,1
1193,80,622,,,
1194,80,623,,,
1195,80,624,,,
1196,80,625,,,
1197,80,626,,,
1198,80,627,1,1,
1199,80,628,1,1,
1200,80,629,1,1,
1201,80,630,,,
1202,80,631,,,
1203,80,632,,,
1204,80,633,,,
1205,80,634,,,
1206,80,635,1,1,
1207,80,636,1,1,
1208,81,26,1,1,1
1210,81,127,1,1,0
1212,81,188,1,1,0
1213,81,227,1,1,
1219,81,441,,,0
1223,81,577,1,,0
1229,81,796,1,1,0
1230,81,823,,,0
1232,82,74,1,1,1
1233,82,160,,,0
1234,82,197,1,,1
1235,82,245,,,1
1236,82,298,,,1
1237,82,343,1,,0
1238,82,351,,,0
1239,82,511,,,0
1241,82,643,1,,0
1242,82,644,,,1
1243,82,645,1,1,0
1244,82,646,,,0
1245,82,647,,,0
1246,82,788,1,,0
1247,83,298,,,1
1248,83,343,1,,0
1249,83,643,1,1,0
1250,83,644,,,1
1251,83,645,,1,0
1252,83,646,1,,0
1253,84,16,1,1,0
1254,84,27,1,1,0
1255,84,181,1,1,0
1256,84,329,0,0,1
1257,84,506,,1,0
1258,84,664,1,1,0
1260,84,710,0,0,1
1261,84,790,1,1,0
1262,84,832,0,0,0
1263,85,249,1,,0
1264,85,361,1,,0
1265,85,388,1,1,0
1266,85,513,1,,0
1267,85,484,,1,1
1268,85,530,,1,0
1269,85,682,,,0
1270,85,754,,,0
1271,85,755,1,1,1
1272,85,807,,,0
1273,86,248,,,0
1274,86,249,1,,0
1275,86,338,1,,0
1276,86,361,1,1,0
1277,86,388,1,1,0
1278,86,484,,1,1
1279,86,530,,1,0
1280,86,682,,,0
1281,86,718,1,,
1282,86,754,,,0
1283,86,755,1,1,1
1284,86,807,,,0
1285,87,23,1,,1
1286,87,107,,,1
1287,87,128,,,1
1288,87,146,,,1
1289,87,184,1,1,0
1290,87,227,1,1,
1291,87,239,,,1
1292,87,251,,,1
1294,87,281,1,1,0
1295,87,371,,,0
1296,87,372,1,1,1
1297,87,375,1,,1
1298,87,441,,,0
1300,87,462,,1,1
1301,87,483,,,0
1302,87,541,1,1,1
1303,87,587,1,1,1
1304,87,653,,,0
1305,87,657,,,1
1306,87,702,,1,0
1307,87,736,,,1
1308,87,833,,,1
1311,88,65,1,1,0
1312,88,69,1,1,1
1313,88,113,,,1
1314,88,114,0,1,0
1315,88,170,1,,0
1316,88,185,1,,1
1317,88,279,,,0
1319,88,492,1,,1
1320,88,583,1,,1
1321,88,585,1,1,1
1322,88,586,,,1
1323,88,616,1,,1
1325,88,618,,,0
1327,88,715,,,1
1329,89,121,1,0,0
1330,89,165,0,0,
1332,89,236,,,1
1333,89,360,0,1,0
1334,89,382,1,,0
1335,89,492,,,1
1336,89,544,,,0
1337,89,667,1,,
1338,89,700,0,0,1
1339,90,28,1,1,0
1340,90,506,1,1,0
1341,90,137,,,0
1342,90,135,,,1
1343,90,132,,,0
1344,90,704,1,1,0
1345,90,725,,,0
1346,91,4,1,1,0
1347,91,72,1,1,0
1348,91,120,1,1,1
1349,91,191,1,1,0
1350,91,410,1,1,0
1351,92,237,,,1
1352,92,820,1,1,1
1353,92,515,1,1,
1356,93,218,,,1
1360,93,572,1,1,
1362,93,674,1,1,
1363,93,731,1,1,
1365,93,768,1,1,0
1367,93,790,1,1,0
1368,94,103,,,1
1369,94,107,1,1,1
1370,94,144,,1,1
1371,94,146,1,,1
1372,94,239,,1,1
1373,94,251,,1,1
1374,94,322,,,1
1375,94,413,1,1,0
1376,94,462,,1,1
1377,94,483,,,0
1378,94,488,,,1
1379,94,531,0,0,0
1382,94,775,1,,1
1383,95,94,,,1
1384,95,182,1,1,0
1385,95,116,1,1,
1386,95,746,,,0
1388,96,10,,,
1390,96,90,1,,0
1391,96,175,1,1,1
1393,96,235,,1,1
1394,96,389,,,0
1395,96,452,1,1,0
1397,96,502,1,,0
1399,96,601,1,,
1401,97,212,1,1,1
1402,97,677,1,,1
1403,97,21,1,1,1
1404,97,225,1,1,1
1405,98,80,1,,0
1406,98,103,,,1
1407,98,127,,,0
1408,98,146,1,,1
1409,98,216,1,,
1410,98,218,,,1
1411,98,252,,1,1
1412,98,257,,,0
1413,98,258,,1,0
1414,98,259,1,1,0
1415,98,262,1,,0
1416,98,264,1,1,0
1417,98,265,1,,
1418,98,309,1,1,0
1419,98,320,1,,0
1420,98,412,,,0
1421,98,458,,,1
1422,98,488,,,1
1424,98,568,,1,1
1425,98,572,1,1,
1426,98,660,,1,1
1427,98,744,,,0
1428,98,766,,,0
1429,98,767,,,0
1431,99,2,,,0
1432,99,41,1,1,0
1433,99,58,,,0
1434,99,233,,,0
1435,99,272,1,1,0
1436,99,275,1,1,
1437,99,295,1,1,
1438,99,297,1,1,
1439,99,326,1,1,0
1440,99,408,,,
1441,99,419,1,,
1442,99,430,1,1,
1443,99,479,,,0
1444,99,673,,,0
1445,99,709,,1,0
1446,99,765,,1,0
1447,100,61,1,,0
1448,100,124,1,,0
1449,100,140,,,0
1450,100,191,1,1,0
1451,100,220,1,1,0
1453,100,321,,,0
1454,100,323,1,,0
1455,100,324,1,,0
1456,100,410,,1,0
1457,100,552,1,1,0
1458,100,565,,,0
1460,100,738,,1,
1461,100,751,,,0
1462,100,752,,,0
1463,100,765,,,0
1464,101,138,1,1,0
1465,101,209,1,1,0
1466,101,229,1,1,0
1468,101,562,1,1,0
1469,101,620,1,1,
1470,102,3,1,1,1
1471,102,73,1,1,0
1472,102,158,,,1
1473,102,269,1,1,0
1474,102,270,1,1,
1475,102,274,1,1,1
1476,102,330,1,1,1
1477,102,480,1,1,1
1478,102,509,1,1,1
1479,103,125,1,1,1
1480,103,198,,,1
1481,103,231,1,1,1
1482,103,317,,1,0
1484,103,668,,1,
1486,103,697,1,1,1
1487,104,31,,,1
1488,104,82,,,0
1489,104,107,1,1,1
1490,104,145,1,1,0
1491,104,146,1,,1
1492,104,239,,1,1
1493,104,251,,1,1
1494,104,350,,,0
1495,104,462,,1,1
1496,104,483,1,,0
1497,104,551,1,,0
1498,104,638,,,0
1499,104,736,,1,1
1500,104,761,,1,1
1501,104,775,1,,1
1503,105,230,1,,0
1504,105,267,1,,0
1505,105,539,,,0
1506,105,802,,,0
1507,105,803,1,1,0
1508,106,149,1,,0
1509,106,240,,,0
1511,106,538,,,0
1512,106,797,,,0
1513,106,801,1,,0
1514,106,827,,,0
1515,107,236,1,,1
1516,107,470,1,,
1517,107,473,,,0
1518,107,578,1,,1
1519,107,579,,,1
1520,107,798,,,1
1521,108,77,1,1,
1522,108,127,1,1,0
1523,108,154,1,,0
1524,108,160,1,1,0
1525,108,242,1,,0
1526,108,305,1,1,0
1527,108,511,1,1,0
1528,108,557,1,1,0
1530,108,781,1,1,0
1531,108,803,,1,0
1532,108,817,,,0
1533,109,77,1,1,
1535,109,464,,,0
1537,110,77,1,1,
1538,110,81,1,1,0
1539,110,160,1,1,0
1540,110,313,1,1,0
1542,110,425,,,0
1543,110,464,1,,0
1544,110,706,,,0
1545,110,777,0,0,1
1546,110,805,1,1,0
1548,111,21,1,1,1
1549,111,82,,,0
1550,111,88,1,1,0
1551,111,129,1,1,1
1552,111,184,1,1,0
1553,111,536,1,1,0
1554,111,434,,1,1
1555,111,461,1,,0
1556,111,469,,1,0
1557,111,476,1,1,0
1558,111,537,,,
1559,111,535,1,0,0
1560,111,812,,,1
1561,111,814,,,1
1562,111,815,0,0,1
1563,111,818,1,1,0
1564,112,14,,,1
1565,112,107,,,1
1567,112,144,,,1
1568,112,146,1,0,1
1569,112,186,0,0,0
1570,112,192,1,1,0
1571,112,193,1,1,0
1572,112,213,1,1,0
1573,112,319,0,0,1
1575,112,468,0,0,1
1576,112,469,1,1,0
1577,112,483,0,0,0
1579,112,524,0,0,1
1580,112,527,0,1,1
1581,112,528,,,1
1582,112,529,0,1,1
1583,112,576,0,0,0
1584,112,638,0,0,0
1585,112,641,,,1
1587,112,748,,,1
1588,112,756,0,0,1
1589,112,775,1,0,1
1590,112,799,1,1,0
1594,113,128,,,1
1599,113,215,1,1,1
1601,113,308,1,1,0
1605,113,409,,1,
1609,113,469,1,1,0
1610,113,492,,,1
1611,113,546,1,,1
1619,114,103,,,1
1620,114,322,,,1
1621,114,363,1,,1
1622,114,371,1,,0
1623,114,372,1,1,1
1624,114,374,,1,0
1626,114,446,,1,0
1627,114,477,,1,0
1628,114,483,1,,0
1629,114,488,,,1
1630,114,565,,,0
1631,114,588,,1,0
1632,114,653,,,0
1633,114,661,,,1
1635,115,133,1,,0
1636,115,146,1,,1
1637,115,183,,1,1
1638,115,350,1,,0
1639,115,564,,1,0
1640,115,775,1,,1
1641,116,39,1,1,0
1642,116,45,,,0
1643,116,126,1,1,0
1644,116,130,,,1
1645,116,168,1,,
1646,116,185,1,,1
1647,116,212,1,,1
1648,116,213,1,1,0
1649,116,287,1,1,0
1650,116,291,1,,0
1651,116,347,,,0
1652,116,371,,,0
1653,116,373,,,1
1654,116,375,1,1,1
1655,116,377,1,,0
1656,116,384,1,1,0
1657,116,387,1,1,0
1658,116,441,,,0
1659,116,442,,1,1
1661,116,483,1,,0
1662,116,541,,1,1
1663,116,587,,1,1
1666,116,732,1,1,
1668,116,833,,1,1
1669,117,199,,1,0
1672,70,592,1,1,
1674,118,133,1,,0
1675,118,140,1,1,0
1676,118,191,1,1,0
1677,118,203,,,0
1678,118,302,1,1,0
1679,118,321,,,0
1680,118,532,1,,0
1681,118,542,1,,0
1682,118,613,,,0
1684,118,689,,1,1
1685,118,724,1,1,0
1686,2,513,1,0,0
1687,7,42,0,0,0
1689,36,536,1,1,0
1690,36,790,1,1,0
1691,36,793,0,1,0
1693,41,251,0,0,1
1694,41,704,1,1,0
1695,46,38,1,1,1
1696,47,768,1,1,0
1698,49,721,0,1,1
1699,50,38,0,1,1
1700,53,542,1,1,0
1702,57,662,0,0,0
1703,58,542,0,0,0
1704,58,662,0,0,0
1705,61,531,0,0,0
1706,64,364,1,0,0
1707,66,165,0,0,
1708,68,531,0,0,0
1709,68,571,0,1,0
1710,72,513,1,0,0
1711,72,637,1,1,1
1712,79,595,1,1,
1713,79,604,1,1,
1714,79,614,0,0,0
1717,82,612,0,1,0
1718,84,704,1,1,0
1719,88,617,1,0,1
1720,88,38,0,1,1
1721,89,18,1,0,0
1722,93,531,0,0,0
1723,94,551,1,0,0
1724,98,531,0,0,0
1725,98,842,0,0,0
1726,103,670,1,1,1
1727,105,516,1,0,0
1728,113,165,1,0,
1730,114,833,0,0,1
1731,116,652,0,1,1
1732,116,653,0,0,0
1733,116,783,0,0,0
1734,118,662,0,0,0
1735,82,849,1,0,0
1736,83,849,1,0,0
1737,3,849,0,0,0
1738,15,848,1,1,1
1739,28,848,1,1,1
1740,93,252,0,1,1
1741,119,16,1,1,0
1743,120,218,0,0,1
1746,120,572,1,1,
1748,120,674,1,1,
1749,120,731,1,1,
1751,120,768,1,1,0
1753,120,790,1,1,0
1754,120,531,0,0,0
1755,120,252,0,0,1
1756,121,483,0,0,0
1757,121,551,1,0,0
1758,121,372,1,1,1
1760,121,23,1,0,1
1762,121,280,1,1,0
1764,122,848,1,1,1
1765,122,281,0,1,0
1766,122,372,1,1,1
1767,122,551,0,0,0
1768,122,23,1,0,1
1769,122,565,0,0,0
1771,121,851,1,0,0
1772,122,851,1,0,0
1773,52,852,0,0,0
1774,68,852,0,0,0
1775,116,852,0,0,0
1776,123,446,0,1,0
1777,123,852,0,1,0
1780,123,126,0,1,0
1781,123,117,1,1,0
1782,123,21,1,0,1
1783,123,225,0,0,1
1784,123,46,1,1,0
1785,123,197,1,0,1
1786,123,788,1,0,0
1787,123,172,0,0,1
1788,123,213,1,1,0
1790,123,424,0,0,0
1791,123,212,1,0,1
1793,55,853,0,1,0
1794,15,207,1,0,0
1795,28,128,0,0,1
1796,28,205,1,1,1
1798,28,372,1,1,1
1801,125,21,1,0,1
1803,125,39,1,1,0
1804,125,45,0,1,0
1805,125,71,0,1,0
1806,125,126,0,1,0
1807,125,168,1,0,
1808,125,171,0,0,0
1809,125,212,1,0,1
1810,125,225,0,0,1
1812,125,451,0,1,0
1813,125,377,1,0,0
1815,125,653,0,0,0
1816,19,377,0,0,0
1818,126,5,1,0,0
1819,126,26,1,1,1
1820,126,38,1,0,1
1821,126,37,0,0,1
1822,126,531,0,0,0
1823,127,54,1,1,0
1824,127,159,0,1,1
1825,127,177,1,1,0
1826,127,192,0,1,0
1827,127,210,1,1,0
1828,127,280,1,1,0
1829,127,388,0,1,0
1830,127,399,0,1,1
1831,127,462,0,1,1
1832,127,536,1,1,0
1833,127,585,0,1,1
1834,127,730,0,1,1
1835,127,755,0,1,1
1836,127,790,1,1,0
1837,127,793,1,1,0
1838,84,854,0,1,0
1840,128,54,1,1,0
1841,128,56,0,1,1
1842,128,159,0,1,1
1843,128,177,1,1,0
1844,128,192,1,1,0
1845,128,287,1,1,0
1846,128,399,0,1,1
1847,128,462,0,1,1
1848,128,536,1,1,0
1849,128,690,0,1,1
1850,128,687,0,1,1
1851,128,736,0,1,1
1852,128,755,0,1,1
1853,128,793,1,1,0
1856,129,38,1,1,1
1857,129,65,1,1,0
1858,129,69,0,0,1
1859,129,114,0,1,0
1860,129,170,1,0,0
1861,129,185,1,0,1
1862,129,855,0,1,1
1864,130,568,1,1,1
1865,130,38,1,1,1
1867,130,413,1,0,0
1868,130,715,0,0,1
1869,130,531,0,0,0
1870,130,412,0,0,0
1871,130,252,0,1,1
1872,131,118,0,1,1
1873,131,852,1,1,0
1874,131,474,1,1,0
1875,131,150,1,1,0
1876,131,155,0,0,1
1877,131,208,0,0,1
1879,131,404,0,1,1
1880,131,675,0,0,0
1881,131,743,1,0,1
1882,131,774,0,0,0
1885,114,858,0,0,0
1886,132,39,1,1,0
1887,132,205,1,0,1
1888,132,212,1,0,1
1889,132,857,0,1,0
1890,132,446,1,0,0
1891,132,451,0,1,0
1892,132,377,1,0,0
1893,132,126,0,0,0
1894,132,783,0,0,0
1895,132,45,0,1,0
1896,132,213,1,1,0
1897,132,383,1,1,1
1898,131,856,0,1,0
1899,125,852,0,1,0
1900,125,856,0,0,0
1901,125,858,0,0,0
1902,52,856,0,0,0
1903,133,860,0,1,0
1904,133,17,1,1,0
1905,133,69,0,0,1
1907,133,208,0,0,1
1908,133,441,0,0,0
1909,133,442,1,1,1
1910,133,455,1,1,0
1911,133,474,1,1,0
1912,133,666,1,1,1
1913,133,674,0,1,
1914,133,694,0,0,0
1915,133,512,0,1,1
1916,133,714,0,0,1
1917,133,743,0,0,1
1918,133,773,0,0,1
1919,133,786,0,0,1
1920,133,327,0,1,0
1921,133,692,0,0,1
1922,67,862,1,0,0
1925,67,152,1,1,1
1926,67,153,1,0,0
1927,41,736,0,0,1
1929,134,128,1,1,1
1930,134,135,0,0,1
1931,134,136,0,0,1
1932,134,137,0,0,0
1933,134,142,0,0,1
1934,134,144,1,1,1
1935,134,146,1,0,1
1936,134,251,1,1,1
1937,134,329,1,1,1
1938,134,337,1,1,1
1939,134,441,0,0,0
1940,134,442,0,1,1
1941,134,642,0,0,0
1942,134,735,1,1,1
1943,134,736,1,1,1
1944,134,131,0,0,1
1945,134,812,0,0,1
1946,134,833,1,1,1
1948,104,864,0,0,0
1949,104,131,0,0,1
1950,104,812,0,0,1
1951,89,865,1,1,0
1952,67,865,0,1,0
1953,87,861,0,0,1
1954,135,441,0,0,0
1955,135,462,1,1,1
1956,135,536,1,1,0
1957,135,474,1,1,0
1958,135,731,1,1,
1959,135,572,1,1,
1960,135,704,1,1,0
1961,135,239,0,0,1
1962,135,833,0,0,1
1963,135,387,1,1,0
1964,135,859,1,1,0
1965,135,442,0,0,1
1966,135,106,0,0,1
1967,135,337,0,0,1
1968,135,822,1,1,0
1970,41,868,1,0,0
1972,41,870,0,1,1
1973,41,873,0,0,1
1974,41,874,0,0,1
1975,134,866,0,0,1
1976,134,868,1,0,0
1977,134,869,0,1,1
1978,134,870,0,0,1
1979,134,873,0,0,1
1980,134,873,0,1,1
1981,115,867,0,0,0
1982,115,866,0,0,1
1983,115,865,0,1,0
1984,115,868,0,0,0
1985,115,869,0,1,1
1986,115,873,0,1,1
1987,15,868,0,0,0
1989,15,870,0,0,1
1992,87,873,0,1,1
1993,87,875,0,1,1
1994,94,867,0,0,0
1995,112,867,1,0,0
1996,104,868,0,0,0
1998,111,869,0,1,1
1999,111,107,0,0,1
2000,128,870,0,1,1
2001,49,870,0,1,1
2002,112,870,0,1,1
2004,67,872,0,0,1
2005,115,872,0,0,1
2006,112,873,0,1,1
2007,22,874,0,1,1
2008,112,874,0,1,1
2009,29,875,0,0,1
2010,61,875,0,0,1
2011,131,875,0,0,1
2013,88,876,0,0,1
2014,29,876,0,0,1
2015,73,67,1,0,1
2016,73,467,0,0,
2017,123,875,0,0,1
2018,123,875,0,0,1
2019,123,876,0,0,1
2021,81,877,1,1,0
2022,136,878,0,1,
2023,136,19,1,1,0
2024,136,45,1,1,0
2025,136,51,1,1,0
2026,136,117,1,1,0
2027,136,119,0,0,
2028,136,225,1,1,1
2029,136,303,0,0,0
2032,136,415,0,0,
2033,136,452,1,1,0
2034,136,548,1,1,
2035,136,569,0,0,0
2036,136,574,0,0,
2037,136,717,1,0,0
2038,136,732,0,0,
2039,26,879,1,1,0
2040,61,881,1,1,0
2041,137,31,0,0,1
2042,137,83,0,0,1
2043,137,106,0,0,1
2044,137,107,1,1,1
2045,137,128,1,1,1
2046,137,144,0,0,1
2047,137,184,1,1,0
2048,137,239,1,1,1
2049,137,250,0,0,1
2050,137,251,1,1,1
2051,137,365,1,0,1
2052,137,462,1,1,1
2053,137,641,0,0,1
2054,137,710,0,0,1
2055,137,735,1,0,1
2056,137,736,0,0,1
2057,137,762,0,0,1
2058,137,786,0,0,1
2059,137,833,0,0,1
2060,137,861,0,0,1
2061,137,866,0,0,1
2062,137,868,0,0,0
2063,137,869,0,0,1
2064,137,870,1,1,1
2065,137,873,0,0,1
2066,137,874,1,0,1
2067,138,69,1,1,1
2068,138,115,1,1,
2069,138,176,0,0,1
2070,138,224,0,0,1
2071,138,238,1,0,1
2072,138,260,0,0,1
2073,138,346,0,0,1
2074,138,439,0,0,1
2075,138,458,0,0,1
2077,138,493,1,1,0
2078,138,512,0,0,1
2079,138,561,1,1,1
2080,138,585,1,1,1
2081,138,832,0,0,0
2082,81,66,1,1,0
2083,139,37,1,1,1
2084,139,66,1,1,0
2085,139,741,1,1,0
2086,139,190,1,1,
2087,139,200,0,0,0
2088,139,278,0,0,0
2089,139,304,1,1,0
2090,139,336,0,0,
2091,139,396,0,0,0
2092,139,577,1,1,0
2093,139,606,0,0,1
2094,139,675,0,0,0
2095,139,728,0,0,1
2096,139,742,0,0,0
2098,139,38,1,1,1
2100,139,26,1,1,1
2101,81,890,1,1,0
2103,62,859,1,0,0
2105,84,387,0,0,0
2106,84,859,0,0,0
2107,93,387,0,0,0
2109,136,891,1,1,0
2110,95,892,1,1,1
2111,95,893,1,1,1
2112,3,892,1,1,1
2113,3,893,1,1,1
2114,81,140,1,1,0
2115,131,893,1,1,1
2116,50,893,1,1,1
2117,136,857,1,1,0
2118,62,858,1,0,0
2119,53,858,0,0,0
2120,27,858,1,0,0
2122,81,860,0,1,0
2126,144,736,1,1,1
2128,145,736,1,1,1
2129,145,83,1,1,1
2130,145,144,1,1,1
2131,145,147,0,0,1
2132,145,251,1,1,1
2133,145,344,1,1,1
2134,145,395,1,1,1
2135,145,184,1,1,0
2136,145,593,1,1,0
2137,145,710,1,1,1
2138,145,735,1,1,1
2139,145,736,1,1,1
2140,145,812,0,0,1
2141,101,881,1,1,0
2142,146,593,1,1,0
2143,146,857,1,1,0
2144,146,887,1,1,0
2145,146,878,1,1,
2146,146,51,1,1,0
2147,146,212,1,1,1
2148,146,93,1,1,0
2149,146,677,0,0,1
2150,146,676,0,0,0
2151,146,286,0,1,0
2152,146,417,0,1,1
2154,146,894,0,1,1
2155,147,95,1,0,0
2156,147,406,1,1,0
2157,147,609,1,0,0
2158,147,96,1,0,0
2159,147,655,1,1,1
2160,147,654,0,0,1
2161,147,656,0,0,1
2162,147,513,1,1,0
2163,147,89,1,0,0
2164,147,793,1,1,0
2165,147,637,1,1,1
2166,147,703,0,1,1
2167,147,829,0,0,1
2168,148,721,0,0,1
2169,148,864,0,0,0
2170,148,146,0,0,1
2171,148,201,1,0,0
2172,148,483,1,0,0
2173,148,213,0,0,0
2174,148,89,1,0,0
2175,148,609,1,0,0
2176,148,95,0,0,0
2177,148,611,1,0,0
2179,148,48,0,0,1
2180,148,187,1,1,0
2181,148,20,1,0,0
2182,146,19,1,1,0
2183,146,159,0,1,1
2184,149,895,1,0,0
2185,149,21,1,0,1
2186,149,169,1,0,0
2187,149,6,1,1,1
2188,149,347,1,1,0
2189,149,679,0,0,1
2190,149,903,1,1,0
2191,60,895,0,0,0
2192,123,895,0,0,0
2194,81,896,1,1,0
2195,150,897,1,1,1
2196,150,252,0,1,1
2197,150,551,1,0,0
2198,150,22,1,0,1
2199,150,146,1,0,1
2201,130,897,1,1,1
2202,129,897,1,1,1
2203,129,115,1,1,
2204,81,898,0,0,1
2205,149,898,1,1,1
2207,139,900,1,1,0
2208,139,901,1,1,0
2209,139,902,1,0,0
2210,81,900,1,1,0
2211,81,901,1,1,0
2213,151,773,0,0,1
2214,151,462,1,1,1
2215,151,883,1,1,0
2216,151,208,0,0,1
2217,151,786,0,0,1
2218,151,875,0,0,1
2219,151,327,1,1,0
2220,151,328,0,0,1
2221,151,512,1,1,1
2222,151,455,1,1,0
2223,151,666,1,1,1
2224,151,674,1,1,
2225,151,743,0,0,1
2226,151,833,0,0,1
2227,151,904,1,1,1
2229,29,904,0,0,1
2230,135,904,0,0,1
2231,133,905,1,1,0
2232,27,905,1,0,0
2233,81,905,1,1,0
2234,152,905,1,1,0
2235,152,896,1,1,0
2236,152,882,1,1,
2237,152,120,1,1,1
2238,152,140,1,1,0
2239,152,698,1,0,0
2240,152,728,0,1,1
2241,152,4,1,1,0
2242,151,906,0,0,0
2243,131,906,1,1,0
2244,68,906,1,1,0
2246,151,907,0,0,1
2247,139,907,0,0,1
2249,87,909,0,1,0
2250,69,909,0,0,0
2251,146,909,0,1,0
2255,109,911,1,1,0
2259,137,912,0,1,1
2260,73,921,1,0,1
2261,28,921,0,0,1
2262,77,837,0,0,1
2263,153,6,1,1,1
2264,153,34,1,0,1
2265,153,48,1,0,1
2266,153,49,1,1,1
2267,153,64,1,1,1
2268,153,84,0,0,1
2269,153,91,1,1,1
2270,153,123,0,0,1
2271,153,161,1,1,1
2272,153,217,1,1,1
2273,153,223,1,1,1
2274,153,379,1,1,1
2275,153,400,0,1,1
2276,153,416,0,1,1
2277,153,503,1,1,1
2278,153,570,0,0,1
2279,153,640,0,0,1
2280,153,669,1,0,0
2281,153,829,0,0,1
2282,153,837,0,0,1
2283,77,48,1,1,1
2284,17,387,1,1,0
2285,154,69,1,1,1
2286,154,113,0,0,1
2287,154,114,0,1,0
2288,154,115,1,1,
2289,154,439,0,0,1
2291,154,585,1,1,1
2292,154,704,1,1,0
2294,154,836,0,1,1
2295,154,855,0,1,1
2296,154,859,1,1,0
2297,154,907,0,0,1
2298,154,387,1,1,0
2300,17,704,1,1,0
2301,18,922,1,1,0
2302,155,197,1,1,1
2303,155,263,1,0,1
2304,155,257,0,0,0
2307,155,306,1,0,1
2308,155,307,1,1,0
2309,155,310,1,1,1
2310,155,450,0,0,0
2311,155,712,0,0,0
2314,155,830,1,0,0
2315,155,758,0,0,1
2316,155,841,0,0,1
2317,10,345,0,1,0
2318,156,257,0,0,0
2319,156,263,1,0,1
2320,156,306,1,1,1
2321,156,307,1,1,0
2322,156,450,1,1,0
2324,156,830,0,0,0
2325,156,310,1,1,1
2326,156,758,0,0,1
2327,156,841,0,0,1
2328,156,265,1,1,
2329,156,172,1,0,1
2331,156,379,0,1,1
2333,157,64,1,1,1
2334,157,461,1,0,0
2335,157,379,1,1,1
2336,157,332,1,0,0
2337,157,330,1,1,1
2338,157,509,1,1,1
2339,157,12,0,0,0
2341,157,148,1,1,0
2342,157,212,0,0,1
2344,9,379,1,1,1
2345,149,70,1,1,0
2346,149,15,1,0,0
2347,149,912,0,1,1
2348,149,433,0,0,0
2349,58,85,0,0,0
2350,26,85,1,0,0
2353,158,85,1,0,0
2354,158,318,1,1,0
2355,158,327,0,1,0
2356,158,352,1,1,0
2357,158,649,0,0,0
2358,158,526,1,1,
2359,158,531,1,0,0
2360,158,70,0,0,0
2361,28,923,1,1,1
2362,73,923,1,1,1
2363,159,5,1,0,0
2364,159,26,1,1,1
2365,159,37,1,1,1
2366,159,38,1,1,1
2367,159,352,1,1,0
2368,159,327,0,1,0
2369,159,189,0,1,0
2370,159,480,1,1,1
2371,159,706,0,0,0
2374,73,924,0,1,1
2375,128,924,0,0,1
2376,129,924,0,0,1
2377,160,98,1,1,
2378,160,186,1,1,0
2379,160,192,1,1,0
2380,160,193,1,1,0
2381,160,829,0,0,1
2382,160,799,1,0,0
2383,160,319,0,0,1
2384,160,879,1,1,0
2385,160,926,1,1,0
2387,73,914,0,1,1
2388,53,426,1,1,0
2389,53,386,0,0,0
2390,53,427,1,1,0
2392,53,914,0,1,1
2394,84,915,1,1,
2395,139,916,1,1,0
2396,139,917,1,1,0
2397,133,918,0,1,0
2399,52,920,1,1,0
2400,52,900,1,1,0
2401,52,902,1,0,0
2402,139,920,1,1,0
2403,162,28,1,1,0
2404,162,854,1,1,0
2405,162,387,1,1,0
2406,162,790,1,1,0
2407,162,27,1,1,0
2408,162,506,1,0,0
2409,162,664,1,1,0
2410,162,859,0,0,0
2411,160,918,0,0,0
2412,163,55,0,0,1
2413,163,340,0,1,0
2414,163,424,0,0,0
2415,163,436,1,1,1
2416,163,491,0,0,1
2417,163,830,1,0,0
2418,163,318,1,1,0
2419,163,172,1,0,1
2420,163,562,1,1,0
2422,164,20,1,1,0
2423,164,31,0,0,1
2424,164,82,1,0,0
2425,164,107,1,1,1
2426,164,146,1,0,1
2427,164,184,1,1,0
2428,164,536,1,1,0
2429,164,409,1,0,
2430,164,461,1,0,0
2431,164,812,0,0,1
2432,164,815,0,0,1
2433,164,226,0,0,1
2434,164,251,0,0,1
2435,164,736,0,0,1
2436,164,483,1,0,0
2437,164,903,0,0,0
2438,94,20,1,0,0
2439,94,145,0,1,0
2440,94,372,1,1,1
2441,94,226,1,1,1
2442,94,469,1,0,0
2444,94,337,0,0,1
2446,94,736,0,0,1
2447,164,372,1,1,1
2448,114,929,0,1,0
2449,165,330,1,1,1
2450,165,365,1,0,1
2451,165,873,1,1,1
2452,165,176,0,0,1
2453,165,107,1,1,1
2454,165,172,0,0,1
2455,165,735,1,1,1
2456,165,251,1,1,1
2457,165,736,1,1,1
2458,165,395,1,1,1
2459,165,34,0,0,1
2460,3,930,1,1,0
2461,81,931,1,0,0
2462,56,932,1,1,0
2463,56,933,1,1,0
2464,12,934,1,1,0
2465,6,934,1,1,0
2466,62,934,1,1,0
2467,35,934,1,1,0
2470,58,185,1,0,1
2471,58,510,0,0,1
2472,58,78,1,0,
2473,58,172,0,0,1
2474,58,652,0,0,1
2475,58,653,0,0,0
2476,58,377,0,0,0
2477,33,213,1,1,0
2478,170,65,1,1,0
2479,170,170,1,0,0
2480,170,185,1,0,1
2481,170,492,0,0,1
2482,170,591,0,0,0
2483,170,616,1,0,1
2484,170,585,1,1,1
2485,170,618,0,0,0
2486,170,617,1,1,1
2487,170,503,1,1,1
2488,170,372,0,1,1
2489,170,246,1,1,1
2490,170,378,1,1,1
2491,170,114,0,1,0
2492,170,885,0,1,1
2493,170,113,0,0,1
2494,170,657,0,0,1
2495,170,855,0,1,1
2496,170,924,0,1,1
2497,170,908,0,1,1
2498,7,513,1,1,0
2501,171,334,1,1,0
2503,171,542,1,1,0
2504,171,809,0,0,0
2505,171,483,0,0,0
2506,171,771,1,1,0
2507,171,934,1,1,0
2509,171,373,1,1,1
2510,171,371,1,1,0
2511,171,653,0,0,0
2513,171,652,0,0,1
2515,172,937,0,0,1
2516,172,925,1,0,1
2517,172,660,0,0,1
2518,172,568,1,1,1
2519,172,768,1,1,0
2520,172,767,0,0,0
2521,172,766,0,0,0
2522,172,474,1,1,0
2523,172,731,1,1,
2524,172,570,0,0,1
2525,172,87,1,0,0
2526,172,252,0,1,1
2527,172,145,0,1,0
2528,98,937,0,0,1
2529,173,401,1,0,0
2530,173,939,0,1,0
2531,173,139,1,0,0
2532,173,446,1,1,0
2533,173,388,1,1,0
2534,173,549,1,1,
2535,173,393,0,0,1
2536,173,394,0,0,1
2537,173,795,1,1,0
2538,173,76,0,0,0
2539,173,187,1,1,0
2540,173,1,0,0,1
2541,173,652,0,0,1
2542,173,172,0,0,1
2543,173,185,0,0,1
2545,173,411,0,0,1
2546,173,538,0,0,0
2548,174,940,1,1,0
2549,174,931,1,1,0
2550,174,248,1,1,0
2551,174,707,1,1,0
2552,174,930,1,1,0
2553,174,403,0,0,0
2554,174,741,1,1,0
2555,174,909,0,0,0
2556,174,725,0,0,0
2558,7,943,0,0,0
2559,45,943,1,0,0
2560,118,943,1,0,0
2562,154,944,0,0,1
2565,175,69,1,1,1
2566,175,113,0,0,1
2567,175,114,0,1,0
2568,175,439,0,0,1
2570,175,585,1,1,1
2571,175,859,0,0,0
2572,175,907,0,0,1
2573,175,944,0,0,1
2574,175,387,1,1,0
2575,175,885,0,1,1
2576,175,855,0,1,1
2577,175,115,1,1,
2578,175,617,0,0,1
2579,175,949,0,0,0
2580,175,687,0,0,1
2581,175,224,0,0,1
2582,69,946,1,0,0
2583,69,371,0,1,0
2584,69,213,1,0,0
2585,176,133,1,0,0
2586,176,146,1,0,1
2587,176,183,0,0,1
2588,176,322,0,0,1
2589,176,369,1,1,
2591,176,442,0,0,1
2592,176,483,1,0,0
2593,176,565,1,0,0
2594,176,757,0,0,0
2595,176,776,0,0,1
2596,176,778,1,1,1
2597,176,833,0,0,1
2598,176,946,1,0,0
2599,176,213,0,0,0
2600,176,865,0,1,0
2601,176,302,1,1,0
2602,35,947,1,1,0
2604,177,948,1,1,0
2606,177,751,1,1,0
2607,177,321,1,0,0
2608,177,613,1,0,0
2609,177,723,0,0,0
2610,177,350,0,0,0
2612,154,949,0,0,0
2613,178,113,1,0,1
2614,178,115,1,1,
2615,178,440,1,0,0
2616,178,617,1,0,1
2618,178,585,1,1,1
2619,178,832,0,0,0
2620,178,439,0,0,1
2622,178,340,0,1,0
2623,178,829,0,0,1
2624,178,768,1,1,0
2625,39,752,1,1,0
2626,50,950,1,1,0
2627,29,951,0,0,1
2628,123,951,0,0,1
2629,138,951,0,0,1
2630,88,951,0,0,1
2631,175,951,0,0,1
2632,179,347,1,1,0
2633,179,71,1,1,0
2634,179,606,0,0,1
2635,179,163,1,0,1
2636,179,951,0,0,1
2637,179,164,0,0,1
2638,179,165,1,0,
2639,179,545,0,0,0
2640,179,25,1,0,0
2641,179,447,0,0,1
2642,179,162,0,0,1
2643,179,679,0,0,1
2644,179,903,0,1,0
2645,179,895,1,1,0
2646,179,172,1,0,1
2648,180,876,1,1,1
2649,180,856,1,1,0
2650,180,852,1,1,0
2651,180,875,1,1,1
2652,180,424,1,1,0
2653,180,464,1,0,0
2654,180,534,0,0,1
2655,180,573,0,0,1
2656,180,907,0,0,1
2657,180,367,1,0,0
2658,180,126,1,1,0
2660,88,952,0,0,1
2661,20,139,1,1,0
2664,181,139,1,1,0
2665,181,401,1,0,0
2666,181,317,1,1,0
2667,181,446,1,1,0
2668,181,125,0,0,1
2669,181,697,0,0,1
2670,181,670,0,0,1
2671,181,309,1,1,0
2672,181,197,0,0,1
2675,182,4,1,0,0
2676,182,13,0,0,0
2677,173,954,0,0,1
2678,20,955,1,1,0
2679,10,955,1,1,0
2681,139,956,0,0,0
2683,173,958,1,0,1
2684,183,542,1,1,0
2685,183,960,1,1,0
2686,183,120,1,1,1
2687,183,882,1,1,
2688,183,351,1,1,0
2689,183,896,1,1,0
2691,183,883,0,1,0
2692,183,728,0,0,1
2693,183,227,0,0,
2694,183,961,0,0,1
2697,129,962,0,0,0
2698,35,963,0,1,0
2699,42,963,0,1,0
2700,125,964,0,0,0
2702,136,965,0,1,0
2703,186,966,1,1,0
2704,108,967,1,1,0
2705,109,967,1,1,0
2706,110,967,1,1,0
2708,62,968,0,1,1
2709,15,969,1,0,0
2710,136,969,1,0,0
2711,187,750,1,1,0
2712,187,881,1,1,0
2714,187,704,0,0,0
2715,187,138,1,1,0
2716,187,480,1,1,1
2717,187,553,1,1,0
2718,187,937,0,0,1
2719,187,782,1,0,0
2720,187,492,1,0,1
2721,187,126,0,0,0
2722,187,209,1,1,0
2723,187,469,0,0,0
2724,187,484,0,1,1
2725,187,698,0,0,0
2726,187,437,0,0,1
2727,110,971,1,1,0
2728,188,972,1,0,0
2729,188,25,1,0,0
2730,188,172,0,0,1
2731,188,653,1,0,0
2732,188,721,0,0,1
2734,188,364,1,0,0
2735,188,213,1,0,0
2736,188,483,0,0,0
2737,188,732,1,0,
2738,188,212,1,0,1
2739,188,199,0,0,0
2740,188,377,0,0,0
2741,189,39,1,1,0
2742,189,52,0,0,0
2743,189,876,1,1,1
2744,189,492,0,0,1
2745,189,599,1,0,
2746,189,287,1,0,0
2748,189,368,0,1,1
2749,189,914,0,1,1
2750,189,471,1,0,0
2751,189,973,0,1,1
2752,7,974,1,0,0
2753,49,974,1,0,0
2754,115,862,1,0,0
2755,115,974,1,0,0
2756,69,862,1,0,0
2757,69,974,1,0,0
2759,123,975,0,0,0
2760,156,975,0,0,0
2763,163,978,1,1,1
2764,147,978,0,0,1
2765,105,978,0,1,1
2766,105,149,1,0,0
2767,105,464,1,0,0
2768,105,236,1,0,1
2769,105,154,1,0,0
2770,105,557,0,0,0
2771,105,590,0,1,0
2772,105,290,1,0,0
2773,105,827,0,0,0
2774,105,829,0,0,1
2776,87,979,0,0,1
2777,105,979,0,0,1
2779,21,981,0,0,1
2780,28,981,0,0,1
2781,73,981,1,0,1
2782,176,983,0,0,1
2783,183,983,0,0,1
2784,35,983,0,0,1
2785,35,984,0,0,0
2788,183,985,1,1,0
2789,69,986,0,0,1
2791,10,987,1,1,0
2792,20,987,1,1,0
2793,173,988,1,1,0
2794,20,988,1,1,0
2795,66,988,1,1,0
2796,170,989,1,1,0
2797,69,989,1,1,0
2798,115,990,0,1,0
2799,2,991,1,0,0
2800,160,992,0,0,0
2801,26,992,0,0,0
2802,73,992,1,0,0
2803,129,993,1,0,0
2805,114,990,0,1,0
2806,115,994,0,0,1
2808,123,997,0,0,0
2810,171,937,0,0,1
2811,190,896,1,1,0
2812,190,358,1,1,
2813,190,714,0,0,1
2814,190,883,1,1,0
2816,190,85,0,0,0
2817,190,893,0,0,1
2818,190,999,1,1,0
2819,139,999,1,1,0
2821,191,877,1,1,0
2822,191,999,1,1,0
2823,191,707,1,1,0
2824,191,140,1,1,0
2825,191,882,1,1,
2826,191,218,0,0,1
2827,191,890,1,1,0
2828,191,920,1,1,0
2829,191,510,0,0,1
2830,191,698,1,0,0
2831,191,960,1,1,0
2832,191,189,1,1,0
2833,191,86,0,0,0
2834,191,291,0,0,0
2835,190,707,1,1,0
2836,191,930,1,1,0
2837,191,1000,1,1,0
2838,192,999,1,1,0
2839,192,707,1,1,0
2840,192,140,1,1,0
2841,192,510,0,0,1
2842,192,960,1,1,0
2843,192,930,1,1,0
2844,192,1000,1,1,0
2845,192,48,0,0,1
2846,192,217,0,0,1
2847,192,335,1,1,
2848,192,336,1,1,
2849,192,337,0,0,1
2850,193,38,0,0,1
2851,193,796,1,1,0
2852,193,189,1,1,0
2853,193,882,1,1,
2855,193,999,1,1,0
2856,193,707,1,1,0
2857,193,140,1,1,0
2858,193,510,0,0,1
2859,193,960,1,1,0
2860,193,86,1,1,0
2861,193,930,1,1,0
2862,193,1000,1,1,0
2863,193,1001,1,1,1
2864,194,5,1,0,0
2866,194,38,0,0,1
2867,194,37,0,0,1
2868,194,26,1,1,1
2870,194,1001,1,1,1
2871,194,352,1,1,0
2872,194,86,1,1,0
2873,194,404,0,1,1
2874,194,728,0,0,1
2875,194,725,0,0,0
2876,194,896,1,1,0
2877,194,140,1,1,0
2878,194,777,1,1,1
2879,126,1001,1,1,1
2880,195,5,1,0,0
2881,195,1001,1,1,1
2882,195,26,1,1,1
2883,195,728,0,0,1
2884,195,777,1,1,1
2885,195,563,0,1,1
2886,195,527,0,0,1
2887,195,98,1,1,
2888,195,186,1,1,0
2889,195,358,1,1,
2890,130,885,0,1,1
2891,130,1001,1,1,1
2892,130,660,0,0,1
2893,130,218,0,0,1
2894,130,437,0,0,1
2895,159,531,0,0,0
2896,159,437,0,0,1
2897,159,209,1,1,0
2898,139,1002,1,1,0
2899,196,126,0,0,0
2900,196,140,1,1,0
2901,196,191,1,1,0
2902,196,204,1,0,1
2903,196,947,1,1,0
2904,196,321,1,0,0
2905,196,613,1,0,0
2906,196,689,0,0,1
2907,196,724,1,1,0
2908,196,810,0,0,0
2909,196,542,1,0,0
2910,196,628,1,1,
2911,196,662,0,0,0
2912,196,185,1,0,1
2913,196,510,0,0,1
2914,196,652,0,0,1
2915,196,377,0,0,0
2916,112,1003,1,0,1
2917,197,524,0,0,1
2918,197,483,0,0,0
2919,197,1004,1,0,0
2920,197,1003,1,1,1
2921,197,775,0,0,1
2922,197,469,1,1,0
2924,197,848,0,0,1
2925,198,1003,1,0,1
2926,198,1004,1,0,0
2927,198,213,0,0,0
2928,198,424,0,0,0
2929,198,852,0,0,0
2930,67,1007,0,0,0
2931,68,1007,1,0,0
2932,199,599,1,1,
2933,199,732,1,1,
2934,199,590,1,1,0
2935,199,45,1,1,0
2936,199,117,1,1,0
2937,199,377,1,1,0
2938,199,576,0,0,0
2939,199,464,1,0,0
2940,199,367,0,0,0
2941,199,997,0,0,0
2943,199,451,1,1,0
2944,199,212,0,0,1
2945,199,1011,1,1,
2946,100,1012,1,1,0
2947,34,1013,1,1,0
2948,34,627,1,1,
2949,100,636,1,1,
2950,39,1014,1,1,0
2951,118,1015,1,1,0
2952,89,1016,1,1,0
2954,28,1017,0,0,0
2955,88,1017,0,0,0
2956,88,1018,0,0,0
2957,88,1019,0,0,0
2958,88,1020,0,0,0
2960,73,1020,0,0,0
2961,73,52,0,0,0
2962,73,1019,0,0,0
2963,112,1022,1,0,0
2964,200,14,1,1,1
2965,200,192,1,1,0
2966,200,193,1,1,0
2967,200,319,1,1,1
2968,200,469,1,1,0
2969,200,524,0,0,1
2970,200,527,1,1,1
2971,200,529,0,0,1
2972,200,799,1,1,0
2973,125,1024,1,1,0
2974,201,230,1,0,0
2975,201,310,1,1,1
2976,201,180,1,0,1
2977,201,653,0,0,0
2978,201,599,1,0,
2979,201,703,1,1,1
2980,201,1024,1,1,0
2981,201,25,1,0,0
2982,201,377,0,0,0
2983,201,126,0,0,0
2984,201,875,0,0,1
2985,201,172,0,0,1
2986,201,417,0,1,1
2987,201,46,0,1,0
2988,201,447,0,0,1
2989,201,550,0,0,1
2990,201,1025,1,1,0
2991,201,55,0,0,1
2992,201,1026,1,1,1
2993,160,1027,1,0,0
2994,201,1029,1,0,0
2995,202,209,1,1,0
2997,202,229,0,0,0
2998,202,562,1,1,0
2999,202,620,1,1,
3000,202,318,1,1,0
3002,202,85,0,0,0
3003,202,119,0,0,
3004,202,211,1,0,
3006,202,327,0,1,0
3007,202,525,0,0,0
3008,203,85,0,0,0
3009,203,209,1,1,0
3010,203,318,1,1,0
3011,203,525,1,1,0
3012,203,562,1,1,0
3013,203,531,1,0,0
3014,203,211,1,0,
3015,203,451,0,0,0
3016,203,26,1,1,1
3018,203,352,1,1,0
3019,28,1030,0,0,0
3021,204,1030,1,1,0
3022,204,391,1,1,1
3023,204,451,1,1,0
3024,204,25,1,0,0
3025,204,172,1,0,1
3026,204,213,1,1,0
3027,204,433,0,0,0
3028,204,912,0,1,1
3029,204,503,0,0,1
3030,204,687,0,0,1
3031,204,377,1,1,0
3032,204,652,0,0,1
3033,205,205,1,1,1
3034,205,617,0,0,1
3035,205,687,1,1,1
3036,205,185,0,0,1
3037,205,773,0,0,1
3038,205,1,0,0,1
3039,205,546,0,0,1
3040,205,599,1,0,
3041,205,1030,1,1,0
3042,205,377,1,0,0
3043,205,451,1,1,0
3044,205,38,0,0,1
3045,205,52,0,0,0
3046,205,1018,0,0,0
3047,205,510,0,0,1
3048,205,973,0,1,1
3049,205,310,1,0,1
3050,205,1017,0,0,0
3051,205,492,0,0,1
3052,62,1030,0,0,0
3053,206,1030,0,0,0
3054,206,913,0,1,0
3055,206,977,1,1,0
3056,206,931,1,1,0
3058,206,744,0,0,0
3059,206,590,1,1,0
3060,206,763,1,1,0
3061,206,199,0,0,0
3062,206,425,1,1,0
3063,206,441,0,0,0
3064,206,890,1,1,0
3065,205,1034,1,1,1
3066,204,1034,1,1,1
3068,48,1035,0,0,1
3069,87,1035,0,0,1
3070,58,1035,0,0,1
3073,207,1035,0,0,1
3074,207,1032,1,0,1
3075,207,1034,1,0,1
3076,207,895,0,0,0
3077,207,973,0,1,1
3078,207,185,1,0,1
3079,207,377,1,1,0
3080,207,59,1,1,1
3081,207,68,1,1,1
3082,207,493,1,1,0
3083,196,1037,1,1,0
3084,208,188,1,1,0
3086,208,26,1,1,1
3087,208,1037,1,1,0
3089,208,890,0,0,0
3091,64,253,1,1,0
3092,209,464,1,0,0
3093,209,367,1,0,0
3094,209,280,1,1,0
3095,209,548,1,1,
3096,209,573,0,0,1
3097,209,1007,0,0,0
3098,209,545,0,0,0
3099,209,406,0,0,0
3100,210,45,1,1,0
3101,211,557,1,1,0
3102,211,241,1,0,0
3103,211,590,1,1,0
3104,211,290,1,0,0
3105,211,1034,1,1,1
3106,211,122,1,0,0
3107,211,45,1,1,0
3108,211,117,1,1,0
3109,211,732,1,0,
3110,211,451,0,0,0
3111,211,716,1,1,0
3112,199,1038,1,0,0
3113,209,1039,1,0,0
3114,212,199,1,0,0
3115,212,545,1,0,0
3116,212,590,1,1,0
3117,212,1034,1,1,1
3118,212,538,1,0,0
3119,88,440,0,0,0
3120,88,439,0,0,1
3121,154,951,0,0,1
3123,175,790,1,1,0
3124,199,1040,1,1,0
3125,7,1041,1,1,0
3127,12,510,0,0,1
3128,45,510,0,0,1
3129,57,510,0,0,1
3130,89,510,0,0,1
3131,89,191,1,1,0
3132,89,729,1,1,0
3133,89,350,0,0,0
3134,213,140,1,1,0
3135,213,191,1,1,0
3136,213,302,1,1,0
3137,213,204,1,0,1
3138,213,510,0,0,1
3139,213,689,0,0,1
3140,213,182,1,1,0
3141,213,26,1,1,1
3142,213,810,0,0,0
3143,213,809,0,0,0
3144,213,443,0,0,0
3145,214,8,1,1,0
3146,214,9,1,1,0
3147,214,140,1,1,0
3148,214,183,0,0,1
3149,214,191,1,1,0
3150,214,204,1,0,1
3151,214,302,0,0,0
3152,214,510,0,0,1
3153,214,809,0,0,0
3154,214,810,0,0,0
3156,12,8,1,1,0
3158,215,1043,1,1,0
3160,215,126,1,1,0
3162,215,997,1,1,0
3163,215,1034,1,1,1
3164,215,205,1,1,1
3165,173,126,0,0,0
3166,177,126,0,0,0
3167,216,26,1,1,1
3168,216,140,1,1,0
3169,216,86,1,1,0
3170,216,535,1,1,0
3171,216,999,1,1,0
3172,216,191,1,1,0
3173,216,1044,1,1,
3174,24,1044,1,1,
3175,23,1044,1,1,
3176,177,1045,1,1,0
3178,213,1045,1,1,0
3179,35,1045,1,1,0
3180,196,1045,1,1,0
3181,62,1045,1,1,0
3184,68,1045,1,1,0
3185,118,1045,1,1,0
3186,217,133,1,0,0
3187,217,140,1,1,0
3188,217,191,1,1,0
3189,217,203,1,0,0
3190,217,302,1,1,0
3191,217,321,1,0,0
3192,217,1045,1,1,0
3193,217,1045,1,1,0
3194,217,542,1,0,0
3195,217,613,1,0,0
3196,217,662,0,0,0
3197,217,1015,1,1,0
3198,217,689,1,1,1
3199,217,724,1,1,0
3200,173,1046,0,0,0
3202,173,545,0,0,0
3203,173,180,0,0,1
3205,2,187,1,1,0
3206,2,197,0,0,1
3207,2,241,1,0,0
3208,2,788,0,0,0
3214,2,139,1,0,0
3218,2,401,1,0,0
3219,2,988,1,0,0
3221,1,139,1,0,0
3223,1,988,1,1,0
3226,199,1041,1,0,0
3227,199,1034,1,0,1
3228,201,451,1,1,0
3230,164,145,0,1,0
3231,164,775,1,0,1
3232,164,883,0,1,0
3233,164,1034,1,1,1
3236,18,126,0,0,0
3237,18,393,0,0,1
3238,218,36,1,1,0
3241,218,343,1,1,0
3242,218,991,1,0,0
3243,218,180,1,0,1
3244,218,788,1,1,0
3249,218,197,0,0,1
3251,218,310,0,0,1
3256,218,1049,1,0,0
3257,17,26,1,1,1
3260,17,786,0,0,1
3261,154,885,0,1,1
3262,154,786,0,0,1
3263,17,1050,0,0,0
3264,154,1050,0,0,0
3268,5,33,0,0,1
3271,112,330,1,1,1
3272,112,814,0,0,1
3273,9,768,1,1,0
3274,9,172,0,0,1
3275,9,975,0,0,0
3276,64,854,0,1,0
3277,64,704,1,1,0
3278,64,175,0,0,1
3279,64,27,1,1,0
3280,64,424,0,0,0
3281,64,340,0,0,0
3282,64,55,0,0,1
3283,64,506,1,1,0
3284,170,973,0,1,1
3285,170,1034,1,1,1
3286,170,1051,0,0,1
3287,170,440,0,0,0
3288,170,699,0,0,1
3289,170,699,0,0,1
3290,112,1052,1,0,1
3291,219,72,1,1,0
3292,219,778,1,1,1
3293,219,1053,1,1,1
3294,219,1054,1,1,1
3295,219,623,1,1,
3296,219,1055,1,1,1
3297,220,72,1,1,0
3298,220,1054,1,1,1
3299,220,629,1,1,
3300,220,1053,1,1,1
3301,220,778,1,1,1
3302,220,1055,1,1,1
3303,219,1056,1,1,1
3304,220,1056,1,1,1
3305,221,72,1,1,0
3306,221,1056,1,1,1
3307,221,1054,1,1,1
3308,221,631,1,1,
3309,221,1053,1,1,1
3310,221,778,1,1,1
3311,221,1055,1,1,1
3312,222,72,1,1,0
3313,222,1056,1,1,1
3314,222,1054,1,1,1
3315,222,1053,1,1,1
3316,222,778,1,1,1
3317,222,628,1,1,
3318,222,1055,1,1,1
3319,223,1034,1,1,1
3320,223,26,1,1,1
3321,223,917,1,1,0
3322,223,882,1,1,
3323,223,510,0,0,1
3325,223,336,1,1,
3326,223,120,1,1,1
3327,223,337,0,0,1
3328,223,189,0,0,0
3329,223,47,0,0,
3330,223,719,1,1,0
3331,223,920,1,1,0
3332,223,901,1,1,0
3333,223,728,0,0,1
3334,223,86,1,1,0
3335,223,1036,0,0,0
3336,223,140,1,1,0
3337,223,1000,1,1,0
3338,223,890,0,0,0
3339,223,960,1,1,0
3340,223,698,1,0,0
3341,223,475,1,1,
3342,223,255,0,0,0
3343,223,425,0,0,0
3344,223,883,0,1,0
3345,223,956,0,0,0
3346,223,999,1,1,0
3347,223,48,0,0,1
3349,223,577,0,0,0
3350,223,741,0,0,0
3351,223,1047,0,1,1
3352,224,26,1,1,1
3353,224,47,0,0,
3354,224,1036,1,1,0
3355,224,86,1,1,0
3356,224,901,1,1,0
3359,224,883,0,1,0
3361,224,425,0,0,0
3362,224,1034,1,1,1
3363,224,475,1,1,
3364,224,577,1,1,0
3365,224,189,1,1,0
3366,224,890,1,1,0
3367,224,917,1,1,0
3368,224,920,1,1,0
3369,224,956,0,0,0
3370,224,719,1,1,0
3371,224,741,0,0,0
3372,224,200,0,0,0
3373,224,698,1,0,0
3374,224,856,0,0,0
3375,224,852,0,0,0
3376,224,606,0,0,1
3377,224,653,0,0,0
3378,224,213,0,0,0
3379,224,599,1,0,
3380,225,26,1,1,1
3381,225,47,0,0,
3382,225,1036,1,1,0
3383,225,86,1,1,0
3384,225,901,1,1,0
3387,225,883,0,1,0
3388,225,200,0,0,0
3389,225,213,0,0,0
3391,225,856,0,0,0
3392,225,425,0,0,0
3393,225,852,0,0,0
3394,225,1034,1,1,1
3395,225,475,1,1,
3396,225,577,0,0,0
3397,225,189,1,1,0
3398,225,599,0,0,
3399,225,606,0,0,1
3400,225,890,1,1,0
3401,225,653,0,0,0
3403,225,920,1,1,0
3404,225,698,0,0,0
3405,225,719,1,1,0
3406,225,741,0,0,0
3407,208,47,0,0,
3408,208,1036,1,1,0
3409,208,86,1,1,0
3410,208,901,1,1,0
3413,208,883,0,1,0
3414,208,200,0,0,0
3415,208,213,0,0,0
3416,208,856,0,0,0
3417,208,425,0,0,0
3418,208,852,0,0,0
3419,208,1034,1,1,1
3420,208,475,1,1,
3421,208,577,0,0,0
3422,208,189,1,1,0
3423,208,599,0,0,
3424,208,606,0,0,1
3425,208,653,0,0,0
3426,208,920,1,1,0
3427,208,956,0,0,0
3428,208,698,0,0,0
3429,208,719,1,1,0
3430,208,741,0,0,0
3431,225,763,1,1,0
3432,226,26,1,1,1
3433,226,47,0,0,
3434,227,26,1,1,1
3435,227,47,0,0,
3436,227,48,0,0,1
3437,226,48,0,0,1
3438,227,1036,0,0,0
3439,226,1036,0,0,0
3440,226,86,1,1,0
3441,227,86,1,1,0
3442,226,901,1,1,0
3443,227,901,1,1,0
3444,226,1000,1,1,0
3445,227,901,1,1,0
3446,226,752,0,0,0
3447,227,752,0,0,0
3448,226,120,1,1,1
3449,227,120,1,1,1
3450,226,140,1,1,0
3451,227,140,1,1,0
3455,226,882,1,1,
3456,227,882,1,1,
3457,226,883,0,1,0
3458,227,883,0,1,0
3459,226,985,0,0,0
3460,227,985,0,0,0
3463,226,255,0,0,0
3464,227,255,0,0,0
3465,226,999,1,1,0
3466,227,999,1,1,0
3467,226,336,0,0,
3468,227,336,0,0,
3469,226,337,0,0,1
3470,227,337,0,0,1
3471,226,425,0,0,0
3472,227,425,0,0,0
3473,226,1034,1,1,1
3474,227,1034,1,1,1
3475,226,475,1,1,
3476,227,475,1,1,
3477,226,510,0,0,1
3478,227,510,0,0,1
3479,227,577,0,0,0
3480,226,577,0,0,0
3481,226,189,1,1,0
3482,227,189,1,1,0
3483,226,890,0,0,0
3484,227,890,0,0,0
3485,226,920,1,1,0
3486,227,920,1,1,0
3487,226,1047,0,1,1
3488,227,1047,0,1,1
3489,226,956,0,0,0
3490,227,956,0,0,0
3491,227,956,0,0,0
3492,226,698,0,0,0
3493,227,698,0,0,0
3494,226,719,1,1,0
3495,227,719,1,1,0
3496,226,728,0,0,1
3497,227,728,0,0,1
3498,226,960,1,1,0
3499,227,960,1,1,0
3500,226,741,0,0,0
3501,227,741,0,0,0
3502,227,741,0,0,0
3503,226,763,1,1,0
3504,227,763,1,1,0
3505,226,204,0,0,1
3506,227,204,0,0,1
3507,228,204,1,1,1
3508,229,204,1,1,1
3509,228,26,1,1,1
3510,229,26,1,1,1
3511,228,47,0,0,
3512,229,47,0,0,
3513,228,48,0,0,1
3514,229,48,0,0,1
3515,228,1036,0,0,0
3516,229,1036,0,0,0
3517,228,86,1,1,0
3518,229,86,1,1,0
3519,228,901,1,1,0
3520,229,901,1,1,0
3521,228,1000,1,1,0
3522,229,1000,1,1,0
3523,228,120,1,1,1
3524,229,120,1,1,1
3525,228,140,1,1,0
3526,229,140,1,1,0
3529,228,882,1,1,
3530,229,882,1,1,
3531,228,883,0,1,0
3532,229,883,0,1,0
3535,228,255,0,0,0
3536,229,255,0,0,0
3537,228,999,1,1,0
3538,229,999,1,1,0
3539,228,336,0,0,
3540,229,336,0,0,
3541,228,337,0,0,1
3542,229,337,0,0,1
3543,228,425,0,0,0
3544,229,425,0,0,0
3545,228,1034,1,1,1
3546,229,1034,1,1,1
3547,228,475,1,1,
3548,229,475,1,1,
3549,228,510,0,0,1
3550,229,510,0,0,1
3551,228,577,0,0,0
3552,229,577,0,0,0
3553,228,189,1,1,0
3554,229,189,1,1,0
3555,228,890,1,0,0
3556,229,890,1,0,0
3558,228,920,1,1,0
3559,230,26,1,1,1
3560,229,920,1,1,0
3561,228,1047,0,1,1
3562,230,47,0,0,
3563,229,1047,0,1,1
3564,230,763,1,1,0
3565,228,956,0,0,0
3566,229,956,0,0,0
3567,230,1036,1,1,0
3568,228,698,1,0,0
3569,230,86,1,1,0
3570,229,698,1,0,0
3571,230,901,1,1,0
3572,228,719,1,1,0
3573,229,719,1,1,0
3575,228,728,0,0,1
3577,229,728,0,0,1
3578,228,960,1,1,0
3579,230,883,0,1,0
3580,229,960,1,1,0
3581,230,188,1,1,0
3582,228,741,0,0,0
3583,229,741,0,0,0
3584,228,763,1,1,0
3585,230,200,0,0,0
3586,229,763,1,1,0
3587,230,213,0,0,0
3589,230,856,0,0,0
3590,230,425,0,0,0
3591,230,852,0,0,0
3592,230,1034,1,1,1
3593,230,475,1,1,
3594,230,577,0,0,0
3595,230,189,1,1,0
3596,230,599,0,0,
3597,230,606,0,0,1
3598,230,890,0,0,0
3599,230,653,0,0,0
3600,230,920,1,1,0
3601,230,956,0,0,0
3602,230,698,0,0,0
3603,230,719,1,1,0
3604,230,741,0,0,0
3605,231,26,1,1,1
3606,231,47,0,0,
3607,231,763,1,1,0
3608,231,1036,1,1,0
3609,231,86,1,1,0
3610,231,901,1,1,0
3613,231,883,0,1,0
3614,231,188,1,1,0
3615,231,200,0,0,0
3616,231,213,0,0,0
3618,231,856,0,0,0
3619,231,425,0,0,0
3620,231,852,0,0,0
3621,231,1034,1,1,1
3622,231,475,1,1,
3623,231,577,0,0,0
3624,231,189,1,1,0
3625,231,599,0,0,
3626,231,606,0,0,1
3627,231,890,0,0,0
3628,231,653,0,0,0
3629,231,920,1,1,0
3630,231,956,0,0,0
3631,231,698,0,0,0
3632,231,719,1,1,0
3633,231,741,0,0,0
3634,232,446,1,1,0
3636,232,139,1,1,0
3637,232,788,1,1,0
3638,232,164,1,0,1
3639,232,606,0,0,1
3640,232,76,1,1,0
3641,232,962,0,1,0
3642,232,953,0,0,1
3643,232,988,1,1,0
3644,232,547,1,0,1
3645,154,440,0,0,0
3648,233,140,1,1,0
3649,233,183,1,1,1
3650,233,191,1,1,0
3651,233,204,1,1,1
3652,233,284,0,0,1
3653,233,285,1,1,
3654,233,302,1,1,0
3655,233,321,0,0,0
3656,233,350,1,0,0
3657,233,427,1,1,0
3658,233,510,0,0,1
3659,233,532,0,0,0
3660,233,542,1,1,0
3661,233,565,1,1,0
3662,233,613,0,0,0
3663,233,662,1,0,0
3664,233,678,1,0,0
3665,233,689,0,0,1
3666,233,356,0,0,1
3667,233,410,1,1,0
3668,233,724,1,1,0
3669,233,809,0,0,0
3670,233,810,0,0,0
3671,234,729,1,1,0
3672,234,920,0,0,0
3673,234,901,0,0,0
3674,234,126,0,0,0
3675,234,188,1,1,0
3676,234,698,1,0,0
3678,234,865,1,1,0
3679,234,1032,0,0,1
3680,234,443,1,1,0
3681,234,852,0,0,0
3682,234,1057,1,1,0
3683,234,140,1,1,0
3684,173,1059,0,0,1
3686,173,1060,0,0,1
3692,93,437,0,0,1
3693,235,732,1,1,
3694,235,50,1,1,0
3695,235,23,0,0,1
3696,235,464,1,0,0
3697,235,372,1,1,1
3698,235,434,1,1,1
3699,235,280,1,1,0
3700,235,335,0,0,
3701,235,176,0,0,1
3702,235,226,0,0,1
3703,235,75,0,0,1
3704,235,126,0,0,0
3705,235,550,0,0,1
3706,235,783,0,0,0
3708,235,1034,1,1,1
3709,235,599,1,0,
3711,176,863,0,0,1
3712,176,151,1,0,0
3713,176,862,1,0,0
3714,176,153,1,0,0
3715,189,1062,1,1,0
3716,189,1017,1,1,0
3717,189,1018,0,0,0
3718,189,1020,0,0,0
3719,189,1019,0,0,0
3720,87,1063,0,1,0
3721,236,387,1,1,0
3722,236,790,1,1,0
3723,236,506,1,1,0
3725,236,505,0,0,0
3727,236,27,1,1,0
3728,236,704,1,1,0
3737,172,1064,0,1,
3738,172,437,0,0,1
3739,172,551,0,0,0
3740,172,322,0,0,1
3741,172,103,0,0,1
3742,172,352,1,1,0
3743,172,327,0,1,0
3745,137,1065,0,0,1
3748,172,1065,0,0,1
3749,173,1066,0,0,1
3750,174,1067,1,0,0
3751,174,1068,1,1,0
3752,154,1069,0,0,1
3756,177,532,1,0,0
3758,39,532,0,0,0
3759,7,532,1,0,0
3760,45,532,1,0,0
3761,10,310,0,0,1
3762,25,532,1,0,0
3763,237,121,1,1,0
3764,237,321,1,0,0
3765,237,613,1,0,0
3766,237,441,0,0,0
3767,237,532,1,0,0
3768,237,542,1,1,0
3769,237,858,0,0,0
3770,237,662,1,0,0
3771,237,751,1,1,0
3772,237,42,0,0,0
3773,237,495,0,0,1
3774,237,442,0,0,1
3775,237,387,1,1,0
3776,53,42,0,0,0
3777,53,442,0,0,1
3778,53,613,1,0,0
3782,154,181,1,1,0
3786,238,566,1,0,0
3791,238,698,1,0,0
3797,238,1067,0,0,0
3798,238,725,0,0,0
3800,239,195,1,0,0
3801,239,256,0,0,0
3802,239,259,0,0,0
3803,239,260,0,0,1
3804,239,261,1,0,
3805,239,262,0,0,0
3806,239,265,1,1,
3807,239,303,1,1,0
3808,239,309,1,1,0
3809,239,354,1,1,0
3810,239,404,0,1,1
3811,239,440,0,0,0
3812,239,458,0,0,1
3813,239,1032,1,0,1
3814,239,493,0,0,0
3815,239,561,1,1,1
3816,239,583,0,0,1
3817,239,584,1,1,
3818,239,585,1,1,1
3819,239,586,1,1,1
3820,239,608,0,0,0
3821,239,617,0,0,1
3822,239,698,1,0,0
3823,239,703,0,1,1
3824,239,753,0,0,1
3825,239,789,1,0,1
3826,239,1017,0,0,0
3827,239,221,0,0,1
3828,27,1076,0,0,0
3829,240,969,1,0,0
3830,240,25,1,0,0
3831,240,207,1,0,0
3832,240,107,0,0,1
3833,240,212,1,1,1
3834,240,225,1,1,1
3835,240,239,0,0,1
3836,240,146,0,0,1
3837,240,941,1,0,0
3838,240,775,1,0,1
3839,240,848,1,1,1
3840,240,551,1,0,0
3841,240,677,0,0,1
3842,240,875,0,0,1
3843,240,184,1,1,0
3844,240,1034,1,1,1
3845,240,833,0,0,1
3846,240,442,0,0,1
3847,240,462,0,0,1
3848,240,874,0,0,1
3849,240,687,0,0,1
3850,240,903,0,0,0
3851,240,1035,0,0,1
3852,240,736,0,0,1
3853,240,128,1,1,1
3854,240,452,1,1,0
3855,240,743,0,0,1
3858,50,1078,1,1,0
3859,139,1078,1,1,0
3861,100,1079,1,1,
3862,241,865,0,1,0
3863,241,151,1,0,0
3864,241,152,0,1,1
3865,241,862,1,0,0
3866,241,153,1,0,0
3867,241,302,1,1,0
3868,241,183,0,0,1
3869,241,322,0,0,1
3871,241,442,0,1,1
3873,241,483,1,0,0
3874,241,565,1,0,0
3875,241,757,0,0,0
3876,241,778,0,0,1
3877,241,833,0,0,1
3878,241,566,1,0,0
3879,241,983,1,1,1
3881,241,350,1,0,0
3882,241,25,0,0,0
3883,241,417,0,1,1
3884,241,700,0,0,1
3885,241,213,1,0,0
3886,241,146,1,0,1
3887,176,566,1,0,0
3888,176,25,1,0,0
3889,176,417,0,1,1
3890,242,25,1,0,0
3891,242,146,1,0,1
3892,242,974,1,0,0
3893,242,1073,0,0,0
3894,242,183,0,0,1
3895,242,213,1,0,0
3896,242,302,1,1,0
3897,242,983,0,1,1
3898,242,322,1,1,1
3899,242,350,1,0,0
3901,242,417,0,1,1
3902,242,442,1,1,1
3903,242,483,1,0,0
3904,242,565,1,1,0
3905,242,566,1,0,0
3906,242,778,0,0,1
3907,242,833,0,0,1
3908,242,532,1,0,0
3909,242,723,1,0,0
3910,242,776,0,0,1
3911,242,126,0,0,0
3912,241,723,0,0,0
3913,176,723,0,0,0
3914,241,776,0,0,1
3915,241,126,0,0,0
3916,176,126,0,0,0
3917,243,25,1,0,0
3918,243,126,0,0,0
3919,243,146,1,0,1
3920,243,183,0,0,1
3921,243,1073,0,0,0
3922,243,213,1,0,0
3923,243,302,1,1,0
3924,243,983,0,1,1
3925,243,322,0,0,1
3926,243,350,1,0,0
3927,243,417,0,1,1
3928,243,974,1,0,0
3929,243,442,0,0,1
3930,243,483,1,0,0
3931,243,532,1,0,0
3932,243,565,1,1,0
3933,243,566,1,0,0
3934,243,723,1,0,0
3935,243,776,0,0,1
3936,243,778,1,1,1
3937,243,833,0,0,1
3938,243,678,1,0,0
3939,243,747,1,0,0
3940,243,1034,1,1,1
3941,242,678,1,0,0
3942,176,1034,1,1,1
3943,243,989,1,1,0
3944,176,989,1,1,0
3945,244,126,0,0,0
3946,244,782,1,0,0
3947,244,146,1,0,1
3948,244,213,1,0,0
3949,244,274,1,1,1
3950,244,302,1,1,0
3951,244,983,1,1,1
3952,244,322,0,0,1
3953,244,483,1,0,0
3954,244,107,0,0,1
3955,244,698,1,0,0
3956,244,469,1,1,0
3957,183,1080,0,0,0
3959,15,1080,0,0,0
3960,179,1081,1,1,0
3961,178,1082,0,0,1
3962,147,1082,0,0,1
3963,179,1083,0,1,0
3964,177,1084,1,1,0
3965,177,689,0,0,1
3966,245,948,1,1,0
3967,245,1084,1,1,0
3968,245,126,0,0,0
3969,245,321,1,0,0
3970,245,613,1,0,0
3971,245,689,0,0,1
3972,245,751,1,1,0
3973,245,9,1,1,0
3974,245,8,1,1,0
3975,245,61,1,1,0
3976,177,9,1,1,0
3977,177,8,1,1,0
3978,177,61,1,1,0
3979,30,1090,1,1,0
3980,30,155,0,0,1
3981,30,1091,0,0,1
3982,30,1093,0,0,1
3985,53,1096,0,0,0
3986,39,1096,0,0,0
3987,35,1097,1,0,0
3988,35,1098,1,0,
3989,15,1099,0,0,0
3990,246,969,1,0,0
3991,246,1099,1,0,0
3992,246,207,1,0,0
3993,246,551,1,0,0
3994,246,329,1,1,1
3995,246,239,1,1,1
3996,246,875,0,0,1
3997,246,743,0,0,1
3998,246,870,1,1,1
3999,246,107,1,1,1
4000,246,25,1,0,0
4001,246,1034,1,1,1
4002,246,1034,1,1,1
4003,246,377,0,0,0
4004,246,172,1,0,1
4005,247,1100,1,1,0
4006,247,87,1,0,0
4007,247,146,1,0,1
4008,247,775,1,0,1
4010,247,274,1,1,1
4011,247,642,1,1,0
4012,247,442,0,0,1
4013,247,997,0,0,0
4014,247,536,1,1,0
4015,247,322,0,0,1
4016,247,126,0,0,0
4017,112,1102,1,0,0
4018,57,1103,0,1,1
4019,229,1103,0,0,1
4020,248,302,1,1,0
4021,248,420,1,1,0
4022,248,724,1,1,0
4023,248,191,1,1,0
4024,248,534,0,0,1
4025,248,689,1,1,1
4026,248,219,0,0,1
4027,248,711,0,1,0
4028,248,442,0,0,1
4029,248,1106,1,1,0
4030,112,1108,0,0,0
4031,154,1111,0,0,1
4032,15,1112,0,0,1
4033,183,1113,1,0,0
4034,249,1114,1,1,0
4035,249,213,1,1,0
4036,249,99,1,1,1
4037,249,205,1,1,1
4038,249,335,1,1,
4039,249,1034,1,1,1
4040,249,315,1,0,
4041,250,1034,1,1,1
4042,250,213,1,1,0
4043,250,1114,1,1,0
4044,250,315,1,0,
4045,250,793,1,1,0
4046,250,652,0,0,1
4047,250,392,0,0,0
4048,250,185,0,0,1
4049,2,1115,1,1,0
4050,1,1115,1,1,0
4052,20,1116,0,0,0
4053,251,1118,1,1,0
4054,251,140,1,1,0
4055,251,183,0,0,1
4056,251,191,1,1,0
4057,251,204,0,0,1
4058,251,302,1,1,0
4060,251,510,0,0,1
4061,251,566,0,0,0
4064,251,534,0,0,1
4065,177,1121,0,0,1
4066,6,1121,0,0,1
4067,245,1121,0,0,1
4068,213,1121,0,0,1
4070,12,1121,0,0,1
4071,12,1119,0,0,0
4072,25,1121,0,0,1
4073,25,1119,0,0,0
4074,35,1121,0,0,1
4075,35,1119,0,0,0
4076,196,1121,0,0,1
4077,196,1119,0,0,0
4080,42,1121,0,0,1
4081,42,1119,0,0,0
4082,42,1054,1,1,1
4083,42,140,0,0,0
4084,45,1121,0,0,1
4085,45,1119,0,0,0
4086,57,1121,0,0,1
4087,57,1119,0,0,0
4088,58,1119,0,0,0
4089,251,1121,0,0,1
4090,251,1119,0,0,0
4091,89,1121,0,0,1
4092,89,1119,0,0,0
4093,233,1121,0,0,1
4094,233,1119,0,0,0
4095,118,1121,0,0,1
4096,118,1119,0,0,0
4097,217,1121,0,0,1
4098,217,1119,0,0,0
4099,46,1124,1,1,0
4100,139,1124,1,1,0
4102,177,1119,0,0,0
4103,245,1119,0,0,0
4104,6,1119,0,0,0
4105,213,1119,0,0,0
4106,234,1121,0,0,1
4107,234,1119,0,0,0
4109,252,86,1,1,0
4111,252,1125,1,1,0
4112,252,681,1,1,1
4115,177,204,0,0,1
4117,104,1099,1,0,0
4120,13,1008,1,0,1
4121,239,1008,0,0,1
4123,21,88,1,0,0
4124,10,1129,0,1,1
4126,33,392,1,0,0
4127,254,501,1,1,0
4128,254,927,1,0,0
4130,254,658,1,0,0
4131,254,881,1,1,0
4132,254,910,0,1,0
4133,254,402,1,1,
4134,118,1132,0,0,0
4135,217,1132,0,0,0
4137,201,1133,0,0,0
4138,22,1134,0,0,0
4139,247,1134,0,0,0
4140,22,82,1,1,0
4141,255,488,1,0,1
4142,255,87,1,1,0
4143,255,528,0,0,1
4144,255,1134,0,0,0
4145,255,642,1,1,0
4146,255,213,1,0,0
4147,255,442,0,0,1
4148,255,544,0,0,0
4149,255,815,0,0,1
4150,255,146,1,1,1
4151,255,107,1,1,1
4152,255,873,0,0,1
4153,255,529,0,0,1
4154,255,274,1,1,1
4155,255,1135,1,0,0
4156,115,1136,0,0,0
4157,22,1136,0,0,0
4158,211,1040,0,0,0
4159,178,1141,0,0,0
4160,58,1145,1,0,0
4161,245,1145,1,0,0
4162,57,1145,1,0,0
4163,88,115,1,1,
4164,257,927,1,0,0
4165,257,1041,1,0,0
4166,257,704,1,1,0
4167,257,21,1,0,1
4168,257,28,1,1,0
4169,257,915,1,1,
4170,257,790,1,1,0
4171,257,506,1,0,0
4172,257,768,1,1,0
4173,257,16,0,1,0
4174,257,575,0,0,0
4176,258,1033,0,0,0
4177,258,763,1,0,0
4178,258,1145,1,0,0
4179,258,205,1,1,1
4180,258,706,0,0,0
4181,258,464,1,0,0
4182,258,377,1,0,0
4183,258,367,1,0,0
4184,258,28,1,1,0
4185,258,890,1,0,0
4186,259,879,1,1,0
4187,259,26,1,1,1
4188,259,527,0,0,1
4189,259,186,1,1,0
4190,259,98,0,0,
4191,179,1026,0,0,1
4193,12,1147,0,0,0
4194,243,1147,0,0,0
4195,191,1147,0,0,0
4196,57,1147,0,0,0
4197,242,1147,0,0,0
4198,35,1147,0,0,0
4199,148,1147,0,0,0
4200,7,1201,1,0,0
4201,17,309,1,0,0
4202,262,584,1,0,
4203,262,115,1,1,
4204,262,492,1,0,1
4205,262,471,0,0,0
4206,262,309,1,1,0
4207,262,261,0,0,
4208,262,1008,1,0,1
4209,262,59,1,0,1
4210,262,585,1,1,1
4211,262,583,0,0,1
4212,262,51,0,0,0
4213,262,1017,0,0,0
4215,262,426,1,1,0
4216,262,266,0,0,0
4217,262,265,1,0,
4218,262,790,0,1,0
4219,262,185,1,0,1
4220,262,65,1,1,0
4221,262,170,1,0,0
4222,262,158,0,0,1
4223,262,369,0,0,
4224,275,678,1,0,0
4225,275,350,1,0,0
4226,275,73,1,0,0
4227,275,532,1,0,0
4228,275,426,1,0,0
4229,275,793,1,0,0
4230,275,637,1,0,1
4231,275,171,0,0,0
4232,275,729,1,0,0
4233,275,513,0,0,0
4235,275,219,0,0,1
4236,275,557,0,0,0
4237,275,974,0,0,0
4238,275,680,0,0,0
4239,275,102,0,0,1
4240,275,241,0,0,0
4242,275,291,0,0,0
4243,275,539,0,0,0
4244,275,723,0,0,0
4245,275,1041,0,0,0
4246,275,546,0,0,1
4247,275,943,0,0,0
4248,275,721,0,0,1
4250,275,849,0,0,0
4251,263,930,1,0,0
4252,263,140,1,1,0
4253,263,1055,1,0,1
4254,263,896,1,0,0
4255,263,763,1,1,0
4256,263,893,0,0,1
4259,263,566,1,0,0
4260,263,294,0,0,
4266,264,306,1,0,1
4267,264,307,1,0,0
4268,264,165,1,0,
4269,264,308,1,1,0
4270,264,309,1,1,0
4271,264,310,0,0,1
4273,264,56,1,0,1
4274,264,401,1,0,0
4275,264,354,1,0,0
4277,264,939,0,0,0
4278,264,991,0,0,0
4279,264,557,0,0,0
4282,264,139,1,0,0
4283,264,197,0,0,1
4284,264,362,0,0,
4286,264,546,0,0,1
4288,264,975,0,0,0
4289,264,539,0,0,0
4290,264,545,0,0,0
4291,264,241,0,0,0
4292,264,179,0,0,1
4294,264,187,1,1,0
4295,264,1046,0,0,0
4296,264,51,0,0,0
4297,287,111,1,0,0
4298,287,289,1,0,0
4299,287,109,1,0,0
4300,287,453,1,0,
4301,287,684,1,0,0
4302,287,431,0,0,0
4303,287,108,0,0,0
4304,287,339,0,0,
4305,287,140,0,0,0
4306,287,191,0,0,0
4307,287,930,0,0,0
4308,1,56,,,1
4310,1,115,,,
4311,1,140,,,0
4312,1,179,,,1
4313,1,195,,,0
4314,1,221,,,1
4315,1,241,,,0
4316,1,262,,,0
4317,1,265,,,
4318,1,349,,,0
4319,1,388,,,0
4320,1,426,,,0
4321,1,539,,,0
4322,1,547,,,1
4324,1,585,,,1
4325,1,589,,,0
4326,1,637,,,1
4327,1,698,,,0
4328,1,789,,,1
4329,1,793,,,0
4330,1,939,,,0
4331,1,975,,,0
4332,1,991,,,0
4333,1,1046,,,0
4334,2,3,,,1
4335,2,25,,,0
4336,2,26,,,1
4337,2,77,,,
4338,2,149,,,0
4339,2,154,,,0
4340,2,163,,,1
4341,2,165,,,
4342,2,191,,,0
4343,2,242,,,0
4344,2,291,,,0
4345,2,308,,,0
4346,2,309,,,0
4347,2,349,,,0
4348,2,426,,,0
4349,2,470,,,
4350,2,482,,,
4351,2,547,,,1
4352,2,578,,,1
4353,2,637,,,1
4354,2,696,,,0
4355,2,781,,,0
4356,2,805,,,0
4357,2,875,,,1
4358,2,939,,,0
4360,4,172,,,1
4361,4,212,,,1
4362,4,306,,,1
4363,4,445,,,1
4364,4,452,,,0
4365,4,502,,,0
4366,4,546,,,1
4367,4,574,,,
4368,4,601,,,
4369,4,677,,,1
4370,5,19,,,0
4371,5,25,,,0
4372,5,51,,,0
4373,5,59,,,1
4374,5,101,,,0
4375,5,225,,,1
4377,5,369,,,
4379,5,445,,,1
4380,5,502,,,0
4381,5,569,,,0
4382,5,601,,,
4383,5,676,,,0
4384,5,677,,,1
4385,5,878,,,
4386,5,1034,,,1
4387,5,1151,,,0
4388,6,4,,,0
4389,6,13,,,0
4390,6,18,,,0
4391,6,61,,,0
4392,6,67,,,1
4393,6,120,,,1
4394,6,121,,,0
4395,6,133,,,0
4396,6,151,,,0
4397,6,153,,,0
4398,6,171,,,0
4399,6,203,,,0
4400,6,220,,,0
4401,6,244,,,0
4402,6,269,,,0
4403,6,291,,,0
4404,6,360,,,0
4405,6,414,,,0
4406,6,426,,,0
4408,6,566,,,0
4409,6,639,,,0
4410,6,667,,,
4411,6,684,,,0
4412,6,700,,,1
4413,6,703,,,1
4414,6,740,,,0
4415,6,751,,,0
4416,6,752,,,0
4417,6,789,,,1
4418,6,834,,,0
4419,6,862,,,0
4420,6,946,,,0
4421,6,1014,,,0
4422,6,1016,,,0
4423,6,1054,,,1
4424,6,1106,,,0
4425,6,1138,,,0
4426,7,56,,,1
4427,7,61,,,0
4428,7,65,,,0
4429,7,73,,,0
4430,7,77,,,
4431,7,115,,,
4432,7,140,,,0
4433,7,163,,,1
4434,7,165,,,
4435,7,171,,,0
4436,7,179,,,1
4437,7,191,,,0
4438,7,195,,,0
4439,7,197,,,1
4440,7,291,,,0
4441,7,302,,,0
4442,7,307,,,0
4443,7,426,,,0
4444,7,440,,,0
4445,7,483,,,0
4446,7,534,,,1
4447,7,539,,,0
4448,7,547,,,1
4449,7,565,,,0
4450,7,584,,,
4451,7,585,,,1
4452,7,599,,,
4453,7,600,,,
4454,7,617,,,1
4455,7,662,,,0
4456,7,665,,,
4457,7,667,,,
4458,7,680,,,0
4459,7,698,,,0
4460,7,703,,,1
4461,7,720,,,1
4462,7,757,,,0
4463,7,789,,,1
4464,7,805,,,0
4465,7,849,,,0
4466,7,852,,,0
4467,7,934,,,0
4469,7,1138,,,0
4470,9,25,,,0
4471,9,257,,,0
4472,9,265,,,
4473,9,308,,,0
4474,9,309,,,0
4475,9,310,,,1
4476,9,354,,,0
4477,9,446,,,0
4479,9,758,,,1
4480,9,829,,,1
4481,11,4,,,0
4482,11,133,,,0
4483,11,195,,,0
4484,11,426,,,0
4485,11,443,,,0
4486,11,466,,,0
4487,11,539,,,0
4488,11,585,,,1
4489,11,698,,,0
4490,11,703,,,1
4491,11,793,,,0
4492,11,852,,,0
4493,11,1057,,,0
4494,11,1061,,,1
4495,13,4,,,0
4496,13,25,,,0
4497,13,26,,,1
4498,13,51,,,0
4499,13,59,,,1
4500,13,65,,,0
4501,13,115,,,
4502,13,165,,,
4503,13,185,,,1
4504,13,191,,,0
4505,13,266,,,0
4506,13,307,,,0
4507,13,426,,,0
4509,13,618,,,0
4510,13,729,,,0
4511,13,732,,,
4512,13,790,,,0
4513,13,811,,,0
4514,13,834,,,0
4515,13,997,,,0
4516,13,1151,,,0
4517,14,56,,,1
4518,14,69,,,1
4519,14,308,,,0
4520,14,413,,,0
4521,14,637,,,1
4522,14,768,,,0
4523,15,19,,,0
4524,15,20,,,0
4525,15,25,,,0
4526,15,30,,,1
4527,15,51,,,0
4528,15,91,,,1
4529,15,93,,,0
4530,15,99,,,1
4531,15,143,,,0
4532,15,175,,,1
4533,15,212,,,1
4534,15,227,,,
4535,15,445,,,1
4536,15,452,,,0
4537,15,464,,,0
4538,15,483,,,0
4539,15,502,,,0
4540,15,520,,,0
4541,15,548,,,
4542,15,569,,,0
4543,15,574,,,
4544,15,595,,,
4545,15,600,,,
4546,15,601,,,
4547,15,676,,,0
4548,15,677,,,1
4549,15,732,,,
4550,15,878,,,
4551,15,1026,,,1
4552,15,1034,,,1
4553,15,1151,,,0
4554,16,56,,,1
4556,16,187,,,0
4557,16,290,,,0
4558,16,644,,,1
4559,16,646,,,0
4560,16,647,,,0
4561,16,653,,,0
4562,16,1034,,,1
4563,17,27,,,0
4564,17,65,,,0
4565,17,265,,,
4566,17,572,,,
4567,17,594,,,0
4568,17,657,,,1
4569,17,716,,,0
4570,17,768,,,0
4571,17,783,,,0
4572,17,790,,,0
4573,17,822,,,0
4574,17,915,,,
4575,19,19,,,0
4576,19,25,,,0
4577,19,51,,,0
4578,19,90,,,0
4579,19,171,,,0
4580,19,175,,,1
4581,19,227,,,
4582,19,277,,,0
4583,19,464,,,0
4584,19,502,,,0
4585,19,520,,,0
4586,19,548,,,
4587,19,569,,,0
4588,19,574,,,
4589,19,601,,,
4590,19,676,,,0
4591,19,677,,,1
4592,19,732,,,
4593,19,878,,,
4594,19,1041,,,0
4595,19,1151,,,0
4597,20,179,,,1
4598,20,180,,,1
4599,20,308,,,0
4600,20,310,,,1
4601,20,317,,,0
4603,20,644,,,1
4604,20,697,,,1
4605,20,822,,,0
4606,20,875,,,1
4607,20,1034,,,1
4608,21,12,,,0
4609,21,19,,,0
4610,21,25,,,0
4611,21,26,,,1
4612,21,33,,,1
4613,21,39,,,0
4614,21,51,,,0
4615,21,107,,,1
4616,21,109,,,0
4617,21,130,,,1
4618,21,170,,,0
4619,21,184,,,0
4620,21,227,,,
4621,21,308,,,0
4622,21,329,,,1
4623,21,335,,,
4624,21,365,,,1
4625,21,372,,,1
4626,21,395,,,1
4627,21,409,,,
4628,21,445,,,1
4629,21,461,,,0
4630,21,462,,,1
4631,21,469,,,0
4632,21,585,,,1
4633,21,593,,,0
4634,21,597,,,0
4635,21,600,,,
4636,21,601,,,
4637,21,617,,,1
4638,21,652,,,1
4639,21,653,,,0
4640,21,687,,,1
4641,21,704,,,0
4642,21,715,,,1
4643,21,732,,,
4644,21,790,,,0
4645,21,811,,,0
4646,21,816,,,0
4647,21,818,,,0
4648,21,822,,,0
4649,21,838,,,1
4650,21,848,,,1
4651,21,867,,,0
4652,21,874,,,1
4653,21,875,,,1
4654,21,921,,,1
4655,21,923,,,1
4656,21,987,,,0
4657,21,1007,,,0
4658,21,1008,,,1
4659,21,1025,,,0
4660,21,1034,,,1
4661,23,4,,,0
4662,23,140,,,0
4663,23,188,,,0
4664,23,191,,,0
4665,23,232,,,0
4666,23,233,,,0
4667,23,344,,,1
4668,23,409,,,
4669,23,461,,,0
4670,23,553,,,0
4671,23,704,,,0
4672,23,915,,,
4673,23,1144,,,
4674,24,12,,,0
4675,24,27,,,0
4676,24,138,,,0
4677,24,140,,,0
4678,24,188,,,0
4679,24,191,,,0
4680,24,209,,,0
4681,24,210,,,0
4682,24,232,,,0
4683,24,233,,,0
4684,24,244,,,0
4685,24,332,,,0
4686,24,344,,,1
4687,24,409,,,
4688,24,443,,,0
4689,24,474,,,0
4690,24,506,,,0
4691,24,562,,,0
4692,24,684,,,0
4693,24,704,,,0
4694,24,750,,,0
4695,24,768,,,0
4696,24,790,,,0
4697,24,818,,,0
4698,24,822,,,0
4699,24,877,,,0
4700,24,930,,,0
4701,24,1144,,,
4702,25,62,,,0
4703,25,133,,,0
4704,25,151,,,0
4705,25,203,,,0
4706,25,269,,,0
4707,25,291,,,0
4708,25,360,,,0
4709,25,426,,,0
4710,25,441,,,0
4711,25,565,,,0
4712,25,662,,,0
4713,25,667,,,
4714,25,752,,,0
4715,25,946,,,0
4716,25,1106,,,0
4717,28,25,,,0
4718,28,26,,,1
4719,28,39,,,0
4720,28,51,,,0
4721,28,67,,,1
4722,28,105,,,1
4723,28,175,,,1
4724,28,184,,,0
4725,28,215,,,1
4726,28,227,,,
4727,28,335,,,
4728,28,391,,,1
4729,28,468,,,1
4730,28,502,,,0
4731,28,687,,,1
4732,28,715,,,1
4733,28,814,,,1
4734,28,867,,,0
4735,28,982,,,1
4736,28,1018,,,0
4737,28,1019,,,0
4738,28,1020,,,0
4739,29,69,,,1
4740,29,115,,,
4741,29,186,,,0
4742,29,308,,,0
4743,29,442,,,1
4744,29,453,,,
4745,29,637,,,1
4746,29,687,,,1
4747,29,768,,,0
4748,29,822,,,0
4749,29,852,,,0
4751,29,1050,,,0
4752,29,1055,,,1
4753,32,56,,,1
4754,32,73,,,0
4755,32,291,,,0
4756,32,406,,,0
4757,32,492,,,1
4758,32,584,,,
4759,32,585,,,1
4760,32,589,,,0
4761,32,654,,,1
4762,32,655,,,1
4763,32,656,,,1
4764,32,665,,,
4765,32,698,,,0
4766,32,729,,,0
4767,32,1059,,,1
4768,36,11,,,1
4769,36,114,,,0
4770,36,187,,,0
4771,36,188,,,0
4772,36,307,,,0
4773,36,309,,,0
4774,36,446,,,0
4775,36,525,,,0
4776,36,572,,,
4777,36,694,,,0
4778,36,771,,,0
4779,36,822,,,0
4780,36,885,,,1
4781,36,896,,,0
4782,36,920,,,0
4783,36,967,,,0
4784,36,1064,,,
4785,37,56,,,1
4786,37,62,,,0
4787,37,63,,,0
4788,37,73,,,0
4789,37,96,,,0
4791,37,121,,,0
4792,37,140,,,0
4793,37,171,,,0
4794,37,179,,,1
4795,37,187,,,0
4796,37,191,,,0
4797,37,219,,,1
4798,37,269,,,0
4799,37,290,,,0
4800,37,291,,,0
4801,37,308,,,0
4802,37,350,,,0
4803,37,356,,,1
4804,37,532,,,0
4805,37,539,,,0
4806,37,557,,,0
4807,37,589,,,0
4808,37,637,,,1
4809,37,678,,,0
4810,37,689,,,1
4811,37,698,,,0
4812,37,729,,,0
4813,37,792,,,0
4814,37,793,,,0
4815,37,795,,,0
4816,37,934,,,0
4817,37,958,,,1
4819,37,1041,,,0
4820,37,1095,,,0
4821,37,1106,,,0
4822,38,19,,,0
4823,38,25,,,0
4824,38,51,,,0
4825,38,175,,,1
4826,38,212,,,1
4827,38,227,,,
4828,38,445,,,1
4829,38,595,,,
4830,38,601,,,
4831,38,676,,,0
4832,38,1112,,,1
4833,39,4,,,0
4834,39,120,,,1
4835,39,171,,,0
4836,39,203,,,0
4837,39,246,,,1
4838,39,269,,,0
4839,39,291,,,0
4840,39,293,,,0
4841,39,294,,,
4842,39,302,,,0
4843,39,325,,,0
4844,39,414,,,0
4845,39,426,,,0
4846,39,443,,,0
4847,39,449,,,
4848,39,510,,,1
4849,39,552,,,0
4850,39,565,,,0
4851,39,566,,,0
4852,39,662,,,0
4853,39,698,,,0
4854,39,729,,,0
4855,39,863,,,1
4856,39,882,,,
4857,39,890,,,0
4858,39,934,,,0
4859,39,946,,,0
4860,39,986,,,1
4861,39,1013,,,0
4862,39,1053,,,1
4863,39,1054,,,1
4864,39,1055,,,1
4865,39,1079,,,
4866,39,1106,,,0
4867,39,1138,,,0
4868,41,4,,,0
4869,41,25,,,0
4870,41,27,,,0
4871,41,33,,,1
4872,41,51,,,0
4873,41,87,,,0
4874,41,93,,,0
4875,41,107,,,1
4876,41,138,,,0
4877,41,184,,,0
4878,41,191,,,0
4879,41,209,,,0
4880,41,212,,,1
4881,41,227,,,
4882,41,239,,,1
4883,41,266,,,0
4884,41,350,,,0
4885,41,364,,,0
4886,41,365,,,1
4887,41,387,,,0
4888,41,395,,,1
4889,41,442,,,1
4890,41,445,,,1
4891,41,505,,,0
4893,41,528,,,1
4894,41,535,,,0
4895,41,572,,,
4896,41,593,,,0
4897,41,596,,,1
4898,41,600,,,
4899,41,626,,,
4900,41,672,,,
4901,41,732,,,
4902,41,750,,,0
4903,41,768,,,0
4904,41,782,,,0
4905,41,822,,,0
4906,41,834,,,0
4907,41,848,,,1
4908,41,1080,,,0
4909,41,1155,,,0
4910,49,20,,,0
4911,49,152,,,1
4912,49,187,,,0
4913,49,214,,,0
4914,49,513,,,0
4915,49,637,,,1
4916,49,1034,,,1
4917,51,19,,,0
4918,51,23,,,1
4919,51,25,,,0
4920,51,51,,,0
4921,51,227,,,
4923,51,445,,,1
4924,51,469,,,0
4925,51,502,,,0
4926,51,569,,,0
4927,51,595,,,
4928,51,676,,,0
4929,51,677,,,1
4930,51,732,,,
4931,51,878,,,
4932,51,1034,,,1
4933,51,1151,,,0
4934,52,77,,,
4935,52,127,,,0
4936,52,140,,,0
4937,52,188,,,0
4938,52,227,,,
4939,52,347,,,0
4940,52,425,,,0
4941,52,441,,,0
4942,52,577,,,0
4943,52,652,,,1
4944,52,684,,,0
4945,52,696,,,0
4946,52,719,,,0
4947,52,805,,,0
4948,52,877,,,0
4949,52,890,,,0
4950,52,967,,,0
4951,52,1043,,,0
4952,54,1,,,1
4953,54,56,,,1
4954,54,73,,,0
4955,54,163,,,1
4956,54,165,,,
4957,54,179,,,1
4958,54,197,,,1
4959,54,291,,,0
4960,54,492,,,1
4961,54,584,,,
4962,54,585,,,1
4963,54,659,,,1
4964,54,665,,,
4965,54,698,,,0
4966,54,729,,,0
4967,54,788,,,0
4968,54,793,1,0,0
4969,54,1059,,,1
4970,57,4,,,0
4971,57,8,,,0
4972,57,61,,,0
4973,57,62,,,0
4974,57,63,,,0
4975,57,73,,,0
4976,57,78,,,
4977,57,121,,,0
4978,57,291,,,0
4979,57,356,,,1
4980,57,407,,,0
4981,57,418,,,
4982,57,419,,,
4983,57,426,,,0
4984,57,441,,,0
4985,57,463,,,0
4986,57,466,,,0
4987,57,483,,,0
4988,57,534,,,1
4989,57,566,,,0
4990,57,658,,,0
4991,57,661,,,1
4992,57,703,,,1
4993,57,751,,,0
4994,57,934,,,0
4995,57,947,,,0
4996,57,948,,,0
4997,57,974,,,0
4998,57,1055,,,1
4999,57,1084,,,0
5000,57,1106,,,0
5001,57,1138,,,0
5002,57,1154,,,0
5003,66,51,,,0
5004,66,74,,,1
5005,66,139,,,0
5006,66,187,,,0
5007,66,214,,,0
5008,66,265,,,
5009,66,306,,,1
5010,66,309,,,0
5011,66,329,,,1
5012,66,362,,,
5013,66,401,,,0
5014,66,445,,,1
5016,66,548,,,
5017,66,592,,,
5018,66,599,,,
5019,66,601,,,
5020,66,687,,,1
5021,66,788,,,0
5022,66,789,,,1
5023,66,793,,,0
5024,66,816,,,0
5025,66,822,,,0
5026,66,955,,,0
5027,66,987,,,0
5028,66,1008,,,1
5029,66,1034,,,1
5030,67,4,,,0
5031,67,18,,,0
5032,67,42,,,0
5033,67,61,,,0
5034,67,73,,,0
5035,67,140,,,0
5036,67,151,,,0
5037,67,191,,,0
5038,67,244,,,0
5039,67,265,,,
5040,67,291,,,0
5041,67,320,,,0
5042,67,329,,,1
5043,67,426,,,0
5044,67,462,,,1
5045,67,469,,,0
5046,67,509,,,1
5047,67,532,,,0
5048,67,565,,,0
5049,67,660,,,1
5050,67,667,,,
5051,67,698,,,0
5052,67,720,,,1
5053,67,721,,,1
5054,67,729,,,0
5055,67,934,,,0
5056,67,1155,,,0
5057,70,51,,,0
5058,70,212,,,1
5059,70,214,,,0
5062,70,600,,,
5063,70,732,,,
5064,70,1034,,,1
5065,70,1041,,,0
5066,70,1145,,,0
5067,72,77,,,
5068,72,127,,,0
5069,72,160,,,0
5070,72,313,,,0
5071,72,514,,,0
5072,72,696,,,0
5073,72,805,,,0
5074,72,967,,,0
5076,75,79,,,
5077,75,792,,,0
5078,81,4,,,0
5079,81,77,,,
5080,81,149,,,0
5081,81,189,,,0
5082,81,313,,,0
5083,81,336,,,
5084,81,345,,,0
5085,81,351,,,0
5086,81,425,,,0
5087,81,442,,,1
5088,81,443,,,0
5089,81,453,,,
5090,81,684,,,0
5091,81,698,,,0
5092,81,719,,,0
5093,81,763,,,0
5094,81,805,,,0
5095,81,810,,,0
5096,81,822,,,0
5097,81,876,,,1
5098,81,883,,,0
5099,81,893,,,1
5100,81,916,,,0
5101,81,917,,,0
5102,81,920,,,0
5103,81,930,,,0
5104,81,940,,,0
5105,81,960,,,0
5106,81,967,,,0
5107,81,997,,,0
5108,81,1001,,,1
5109,81,1033,,,0
5110,81,1034,,,1
5111,81,1037,,,0
5112,81,1057,,,0
5113,81,1145,,,0
5114,88,26,,,1
5115,88,39,,,0
5116,88,51,,,0
5117,88,59,,,1
5118,88,67,,,1
5119,88,105,,,1
5120,88,130,,,1
5121,88,335,,,
5122,88,368,,,1
5123,88,369,,,
5124,88,378,,,1
5125,88,387,,,0
5126,88,471,,,0
5127,88,548,,,
5128,88,572,,,
5129,88,653,,,0
5130,88,687,,,1
5131,88,704,,,0
5132,88,732,,,
5133,88,768,,,0
5134,88,789,,,1
5135,88,790,,,0
5136,88,822,,,0
5137,88,927,,,0
5138,88,958,,,1
5139,88,973,,,1
5140,88,993,,,0
5141,88,997,,,0
5142,88,1008,,,1
5143,88,1041,,,0
5144,88,1050,,,0
5145,88,1111,,,1
5146,93,27,,,0
5147,93,54,,,0
5148,93,115,,,
5149,93,119,,,
5150,93,127,,,0
5151,93,209,,,0
5152,93,244,,,0
5153,93,265,,,
5154,93,309,,,0
5155,93,352,,,0
5156,93,412,,,0
5157,93,413,,,0
5158,93,474,,,0
5159,93,525,,,0
5160,93,536,,,0
5161,93,568,,,1
5162,93,704,,,0
5163,93,822,,,0
5164,93,915,,,
5165,96,19,,,0
5166,96,25,,,0
5167,96,33,,,1
5168,96,51,,,0
5169,96,93,,,0
5170,96,212,,,1
5171,96,225,,,1
5172,96,227,,,
5173,96,444,,,
5174,96,676,,,0
5175,96,732,,,
5176,96,878,,,
5177,96,1034,,,1
5178,108,149,,,0
5179,108,313,,,0
5180,108,696,,,0
5181,108,793,,,0
5182,108,797,,,0
5183,108,801,,,0
5184,108,805,,,0
5185,113,11,,,1
5186,113,25,,,0
5187,113,51,,,0
5188,113,56,,,1
5189,113,76,,,0
5190,113,162,,,1
5191,113,163,,,1
5192,113,197,,,1
5193,113,227,,,
5194,113,241,,,0
5195,113,259,,,0
5196,113,265,,,
5197,113,307,,,0
5198,113,309,,,0
5199,113,310,,,1
5200,113,329,,,1
5201,113,362,,,
5202,113,387,,,0
5203,113,513,,,0
5205,113,550,,,1
5206,113,572,,,
5207,113,592,,,
5208,113,593,,,0
5209,113,601,,,
5210,113,637,,,1
5211,113,653,,,0
5212,113,768,,,0
5213,113,788,,,0
5214,113,793,,,0
5215,113,816,,,0
5216,113,822,,,0
5217,113,987,,,0
5218,113,1034,,,1
5219,113,1112,,,1
5220,120,27,,,0
5221,120,54,,,0
5222,120,115,,,
5223,120,119,,,
5224,120,127,,,0
5225,120,209,,,0
5226,120,244,,,0
5227,120,265,,,
5228,120,309,,,0
5229,120,352,,,0
5230,120,387,,,0
5231,120,412,,,0
5232,120,413,,,0
5233,120,437,,,1
5234,120,474,,,0
5235,120,525,,,0
5236,120,536,,,0
5237,120,568,,,1
5238,120,704,,,0
5239,120,822,,,0
5240,120,915,,,
5241,121,25,,,0
5242,121,51,,,0
5243,121,184,,,0
5244,121,239,,,1
5245,121,246,,,1
5246,121,329,,,1
5247,121,371,,,0
5248,121,462,,,1
5249,121,548,,,
5250,121,565,,,0
5251,121,601,,,
5252,121,658,,,0
5253,121,677,,,1
5254,121,693,,,0
5255,121,737,,,
5256,121,749,,,1
5257,121,848,,,1
5258,121,934,,,0
5259,121,938,,,0
5260,121,994,,,1
5261,121,1034,,,1
5262,218,74,,,1
5263,218,179,,,1
5264,218,306,,,1
5265,218,307,,,0
5266,218,308,,,0
5267,218,394,,,1
5268,218,401,,,0
5269,236,83,,,1
5270,236,147,,,1
5271,236,550,,,1
5272,236,560,,,0
5273,236,572,,,
5274,236,594,,,0
5275,236,822,,,0
5276,236,915,,,
5277,238,4,,,0
5278,238,26,,,1
5279,238,36,,,0
5280,238,44,,,
5281,238,66,1,1,0
5282,238,77,,,
5283,238,81,,,0
5284,238,124,,,0
5285,238,127,,,0
5286,238,140,,,0
5287,238,188,,,0
5288,238,189,1,1,0
5289,238,227,,,
5290,238,244,,,0
5291,238,313,,,0
5292,238,314,,,0
5293,238,336,,,
5294,238,351,,,0
5295,238,431,1,0,0
5296,238,441,,,0
5297,238,443,,,0
5298,238,453,,,
5299,238,466,,,0
5300,238,535,,,0
5301,238,560,,,0
5302,238,577,,,0
5303,238,643,,,0
5304,238,647,,,0
5305,238,684,,,0
5306,238,719,1,1,0
5307,238,763,1,1,0
5308,238,766,,,0
5309,238,796,1,1,0
5310,238,805,,,0
5311,238,827,,,0
5312,238,849,,,0
5313,238,877,,,0
5314,238,890,1,0,0
5315,238,893,,,1
5316,238,896,,,0
5317,238,900,,,0
5318,238,901,,,0
5319,238,909,,,0
5320,238,917,1,1,0
5321,238,930,,,0
5322,238,931,,,0
5323,238,940,1,1,0
5324,238,977,1,1,0
5325,238,997,,,0
5326,238,1037,,,0
5327,238,1054,,,1
5328,238,1057,,,0
5329,238,1068,,,0
5330,238,1145,,,0
5331,238,1154,,,0
5332,262,4,,,0
5333,262,52,,,0
5334,262,67,,,1
5335,262,105,,,1
5336,262,109,,,0
5337,262,130,,,1
5338,262,140,,,0
5340,262,163,1,0,1
5341,262,164,,,1
5342,262,165,,,
5343,262,175,,,1
5344,262,191,0,1,0
5345,262,194,,,1
5346,262,221,,,1
5347,262,224,,,1
5348,262,227,,,
5349,262,238,,,1
5350,262,256,,,0
5351,262,259,0,1,0
5352,262,260,,,1
5353,262,291,,,0
5354,262,310,,,1
5355,262,354,1,0,0
5357,262,368,,,1
5358,262,387,,,0
5359,262,440,,,0
5360,262,453,,,
5361,262,493,,,0
5362,262,546,,,1
5363,262,548,,,
5365,262,561,1,0,1
5366,262,586,,,1
5367,262,608,,,0
5368,262,616,,,1
5369,262,617,1,0,1
5370,262,619,,,0
5371,262,665,,,
5372,262,698,1,0,0
5373,262,703,,,1
5374,262,722,,,1
5375,262,729,1,1,0
5376,262,732,,,
5377,262,838,,,1
5378,262,876,,,1
5379,262,921,,,1
5380,262,934,,,0
5381,262,952,,,1
5382,262,981,,,1
5383,262,993,,,0
5384,262,1018,,,0
5385,262,1019,,,0
5386,262,1020,,,0
5387,262,1069,,,1
5388,263,204,,,1
5389,263,336,,,
5390,263,684,,,0
5391,263,719,,,0
5392,263,905,,,0
5393,263,916,,,0
5394,263,1054,0,1,1
5395,263,1057,,,0
5396,264,25,,,0
5397,264,77,,,
5398,264,115,,,
5399,264,120,,,1
5400,264,140,,,0
5401,264,154,,,0
5402,264,163,,,1
5403,264,215,,,1
5404,264,236,,,1
5405,264,290,,,0
5406,264,339,,,
5407,264,388,0,1,0
5408,264,511,,,0
5409,264,513,,,0
5410,264,550,,,1
5411,264,637,,,1
5412,264,781,,,0
5413,264,788,,,0
5414,264,790,,,0
5415,264,793,,,0
5416,264,805,,,0
5417,264,856,,,0
5418,264,875,,,1
5419,264,967,,,0
5420,264,987,,,0
5421,264,988,1,1,0
5423,264,1115,,,0
5424,264,1138,,,0
5425,275,1,,,1
5426,275,42,,,0
5427,275,44,,,
5428,275,61,,,0
5429,275,96,,,0
5430,275,134,,,1
5431,275,140,,,0
5432,275,187,,,0
5433,275,191,,,0
5434,275,302,,,0
5435,275,307,,,0
5436,275,470,,,
5437,275,565,,,0
5438,275,578,,,1
5439,275,585,,,1
5440,275,601,,,
5441,275,643,,,0
5442,275,665,,,
5443,275,703,,,1
5444,275,795,,,0
5445,275,813,,,1
5446,275,852,,,0
5447,275,934,,,0
5448,275,968,,,1
5450,275,1030,,,0
5451,275,1043,,,0
5452,275,1106,,,0
5453,275,1119,,,0
5454,275,1121,,,1
5455,275,1133,,,0
5456,287,466,,,0
5457,287,1057,,,0
5458,291,20,1,0,0
5459,291,26,1,0,1
5460,291,122,1,0,0
5461,291,367,0,0,0
5462,291,207,0,0,0
5463,291,212,1,0,1
5464,291,676,0,0,0
5465,291,50,0,0,0
5466,291,226,0,0,1
5467,291,687,0,0,1
5468,291,658,0,0,0
5469,291,1034,1,0,1
5470,291,23,0,0,1
5471,291,329,0,0,1
5472,291,106,0,0,1
5473,291,107,0,0,1
5474,265,212,1,0,1
5475,265,93,1,0,0
5476,265,676,1,0,0
5477,265,595,1,0,
5478,265,445,0,0,1
5479,265,1151,1,0,0
5480,265,732,1,0,
5481,265,23,0,0,1
5482,265,171,0,0,0
5483,265,51,0,0,0
5484,292,21,1,0,1
5485,292,23,1,0,1
5486,292,31,0,0,1
5487,292,969,1,0,0
5488,292,39,0,0,0
5489,292,869,0,1,1
5490,292,128,1,1,1
5491,292,873,0,0,1
5492,292,146,0,0,1
5493,292,185,0,0,1
5494,292,205,1,1,1
5495,292,207,1,0,0
5496,292,213,0,0,0
5497,292,215,1,1,1
5498,292,226,1,0,1
5499,292,246,0,0,1
5500,292,247,0,0,1
5501,292,251,1,1,1
5502,292,1112,0,0,1
5503,292,870,0,0,1
5504,292,935,0,0,1
5505,292,367,1,0,0
5506,292,372,1,1,1
5507,292,375,1,0,1
5508,292,376,1,0,1
5509,292,377,1,0,0
5510,292,378,1,1,1
5511,292,687,1,1,1
5512,292,395,1,0,1
5513,292,1099,0,0,0
5514,292,448,0,0,1
5515,292,868,0,0,0
5516,292,462,1,1,1
5517,292,1035,0,0,1
5518,292,874,0,0,1
5519,292,652,0,0,1
5520,292,653,0,0,0
5521,292,657,1,1,1
5522,292,912,0,1,1
5523,292,692,0,0,1
5524,292,699,0,0,1
5525,292,848,1,1,1
5526,292,961,0,0,1
5527,292,979,0,0,1
5528,292,736,1,0,1
5529,264,399,0,1,1
5530,264,394,0,0,1
5531,264,450,1,0,0
5532,293,128,1,1,1
5533,293,144,1,0,1
5534,293,146,1,0,1
5535,293,251,1,1,1
5536,293,329,1,1,1
5537,293,337,1,1,1
5538,293,868,1,0,0
5539,293,735,1,0,1
5540,293,736,1,1,1
5541,293,833,1,1,1
5542,293,866,0,0,1
5543,293,131,0,0,1
5544,293,135,0,0,1
5545,293,136,0,0,1
5546,293,137,0,0,0
5547,293,142,0,0,1
5548,293,873,0,1,1
5549,293,870,0,0,1
5550,293,441,0,0,0
5551,293,442,0,1,1
5552,293,642,0,0,0
5553,293,812,0,0,1
5554,293,869,0,1,1
5556,294,128,1,0,1
5557,294,184,1,1,0
5558,294,239,1,0,1
5559,294,251,1,0,1
5560,294,870,1,0,1
5561,294,365,1,0,1
5562,294,462,1,1,1
5563,294,874,1,0,1
5564,294,735,1,0,1
5565,294,31,0,0,1
5566,294,869,0,1,1
5567,294,83,0,0,1
5568,294,106,0,0,1
5569,294,866,0,0,1
5570,294,873,0,0,1
5571,294,144,0,0,1
5572,294,250,0,0,1
5573,294,868,0,1,0
5574,294,1065,0,0,1
5575,294,641,0,0,1
5576,294,912,0,0,1
5577,294,710,0,1,1
5578,294,736,0,1,1
5579,294,762,0,0,1
5580,294,786,0,0,1
5581,294,833,0,1,1
5582,294,107,1,1,1
5583,295,108,1,1,0
5584,295,110,0,0,0
5585,295,289,1,1,0
5586,295,111,1,1,0
5587,295,599,1,1,
5588,295,543,0,0,1
5589,295,158,1,1,1
5590,295,1034,1,1,1
5593,295,109,1,0,0
5594,295,576,0,0,0
5595,295,453,1,0,
5597,55,78,1,0,
5599,87,1257,1,0,1
5601,87,848,1,0,1
5603,116,451,0,1,0
5605,116,927,1,0,0
5607,116,1024,0,1,0
5613,123,1275,0,0,0
5615,123,1277,0,0,0
5617,123,1293,0,0,0
5619,123,1295,0,0,0
5621,123,1319,0,0,0
5623,123,1321,0,0,0
5625,123,1333,0,0,0
5627,123,1339,0,0,0
5629,123,1361,0,0,0
5631,123,1263,0,0,1
5633,123,1265,0,0,1
5635,123,1267,0,0,0
5637,6,1275,0,0,0
5639,6,1317,0,0,0
5645,6,1363,0,0,1
5647,6,1369,0,0,0
5649,57,1275,0,0,0
5651,57,1317,0,0,0
5653,57,1331,0,0,0
5655,57,1333,0,0,0
5657,57,1369,1,0,0
5659,57,1373,0,0,0
5661,57,1423,0,0,0
5663,57,1166,1,0,0
5665,31,1275,0,0,0
5667,31,1277,0,0,0
5669,31,1279,0,0,0
5671,31,1295,0,0,0
5673,31,1319,0,0,0
5675,31,1321,0,0,0
5677,31,1339,0,0,0
5679,116,1275,0,0,0
5681,116,1277,0,0,0
5683,116,1279,0,0,0
5685,116,1293,0,0,0
5687,116,1295,0,0,0
5689,116,1297,0,0,0
5691,116,1305,0,0,0
5693,116,1319,0,0,0
5695,116,1321,0,0,0
5697,116,1361,0,0,0
5699,116,1387,0,0,0
5701,116,1263,0,0,1
5703,66,1277,0,0,0
5705,66,1297,0,0,0
5707,66,1301,0,1,0
5709,66,1305,0,0,0
5711,66,1339,0,0,0
5715,66,1363,0,0,1
5717,66,1375,1,0,0
5719,66,1379,0,0,0
5721,66,1251,0,0,0
5723,66,1389,0,0,0
5725,66,1435,0,0,0
5727,66,1263,0,0,1
5729,2,1277,0,0,0
5731,173,1277,0,0,0
5733,262,1277,0,0,0
5735,262,1293,0,0,0
5737,262,1321,0,0,0
5739,262,1339,0,0,0
5741,262,1361,0,0,0
5743,262,1363,0,0,1
5745,262,1433,1,0,0
5747,105,1279,0,0,0
5749,74,1279,0,0,0
5751,108,1279,0,0,0
5753,113,1281,0,0,0
5755,113,1285,1,0,0
5757,113,1297,0,0,0
5759,113,1301,0,1,0
5761,113,1333,0,0,0
5763,113,1363,0,0,1
5765,113,1375,1,0,0
5767,113,1379,0,0,0
5769,113,1381,0,0,0
5771,113,1251,0,0,0
5773,113,1387,0,0,0
5775,113,1435,0,0,0
5777,87,1281,0,0,0
5779,87,1291,0,0,0
5781,87,1303,0,0,1
5783,87,1335,0,0,0
5785,87,1365,0,0,0
5787,87,1395,0,0,0
5789,87,1255,0,0,1
5791,87,1257,1,0,1
5793,150,1281,0,0,0
5795,132,1281,0,0,0
5797,28,1281,0,0,0
5799,88,1281,0,0,0
5801,88,1285,0,0,0
5803,88,1293,0,0,0
5805,88,1317,0,0,0
5807,88,1319,0,0,0
5809,88,1321,0,0,0
5811,88,1339,0,0,0
5813,88,1345,0,0,0
5815,88,1361,0,0,0
5817,88,1387,0,0,0
5819,88,1415,0,0,0
5821,88,1433,0,0,0
5823,16,1281,0,0,0
5825,16,1333,0,0,0
5827,16,1351,0,0,0
5829,16,1251,1,0,0
5831,112,1283,1,1,0
5833,112,1299,0,0,0
5837,112,1303,0,0,1
5839,112,1315,0,0,1
5841,112,1349,1,0,0
5843,112,1353,0,0,0
5845,112,1355,0,0,0
5847,112,1357,0,0,0
5849,112,1249,0,0,0
5851,112,1363,0,0,1
5853,112,1397,0,1,0
5855,112,1255,0,0,1
5857,41,1283,1,1,0
5859,41,1301,0,1,0
5861,41,1303,0,0,1
5863,41,1331,0,0,0
5865,41,1349,0,0,0
5867,41,1389,0,0,0
5869,41,1399,0,0,1
5871,41,1409,0,0,0
5873,41,1435,1,0,0
5875,41,1261,0,0,0
5877,46,1285,1,1,0
5879,20,1285,1,1,0
5881,20,1329,0,0,0
5883,20,1375,1,1,0
5885,20,1379,0,0,0
5887,20,1387,0,0,0
5889,81,1285,1,1,0
5891,81,1317,0,0,0
5893,81,1339,0,0,0
5895,81,1385,0,0,0
5897,81,1387,0,0,0
5899,194,1285,1,1,0
5901,159,1285,1,1,0
5903,98,1285,0,0,0
5905,35,1287,1,1,0
5907,35,1289,0,0,0
5909,196,1287,1,1,0
5911,8,1287,0,0,0
5913,8,1359,0,0,0
5915,8,1383,0,0,0
5917,8,1393,0,0,0
5919,8,1439,1,0,0
5921,227,1289,1,0,0
5923,238,1289,1,0,0
5925,3,1289,0,0,0
5927,29,1289,0,0,0
5929,29,1305,0,0,0
5931,29,1329,0,0,0
5933,29,1367,0,1,0
5935,29,1273,0,0,0
5937,146,1291,0,0,0
5939,146,1335,0,0,0
5941,121,1293,0,0,0
5943,121,1255,0,0,1
5945,121,1257,0,0,1
5947,104,1293,0,0,0
5949,104,1345,0,0,0
5951,104,1395,0,0,0
5953,94,1293,0,0,0
5955,94,1303,1,0,1
5957,94,1309,0,0,0
5959,94,1315,0,0,1
5961,94,1345,0,0,0
5963,94,1395,0,0,0
5965,94,1409,0,0,0
5969,69,1293,0,0,0
5971,69,1301,0,0,0
5973,69,1325,0,0,0
5975,69,1393,0,0,0
5977,69,1399,0,0,1
5979,69,1409,0,0,0
5981,69,1255,0,0,1
5983,264,1295,0,0,0
5985,264,1305,1,0,0
5987,264,1339,0,0,0
5989,264,1363,0,0,1
5991,264,1375,1,1,0
5993,264,1379,0,0,0
5995,264,1381,0,0,0
5997,264,1251,1,0,0
5999,264,1263,0,0,1
6001,179,1295,0,0,0
6003,179,1305,1,1,0
6005,52,1295,0,0,0
6007,52,1311,0,0,0
6009,52,1405,0,0,0
6011,52,1417,0,0,0
6013,52,1421,1,1,0
6015,214,1297,0,0,0
6017,214,1369,1,0,0
6019,214,1373,0,0,0
6021,214,1423,0,0,0
6023,58,1297,0,0,0
6029,112,1357,0,0,0
6031,112,1249,0,0,0
6033,22,1299,0,0,0
6037,112,1365,0,0,0
6039,112,1395,0,0,0
6041,28,1301,0,1,0
6043,28,1303,1,0,1
6045,291,1301,0,0,0
6047,291,1309,0,0,0
6049,291,1329,0,0,0
6051,291,1335,0,0,0
6053,21,1301,0,1,0
6055,21,1363,0,0,1
6057,21,1389,0,0,0
6059,21,1399,0,0,1
6061,21,1433,1,0,0
6063,21,1435,1,0,0
6065,94,1301,0,0,0
6067,69,1303,0,0,1
6069,69,1315,0,0,1
6071,69,1363,0,0,1
6073,69,1373,0,0,0
6075,69,1387,0,0,0
6077,104,1303,0,0,1
6079,104,1309,0,0,0
6081,104,1315,0,0,1
6083,115,1303,0,0,1
6085,115,1315,0,0,1
6087,115,1329,0,0,0
6089,115,1389,0,0,0
6091,115,1395,0,0,0
6093,115,1399,0,0,1
6095,115,1409,0,0,0
6097,186,1245,1,0,0
6099,186,1415,0,0,0
6101,212,1307,1,0,0
6103,246,1309,0,0,0
6105,246,1365,0,0,0
6107,240,1309,0,0,0
6109,240,1387,0,0,0
6111,240,1435,1,0,0
6113,19,1309,0,0,0
6115,5,1309,0,0,0
6117,5,1415,0,0,0
6119,238,1311,1,0,0
6121,238,1385,0,0,0
6123,238,1421,1,1,0
6125,164,1315,0,0,1
6127,164,1365,0,0,0
6129,247,1315,0,0,1
6131,247,1409,0,0,0
6133,244,1315,0,0,1
6137,6,1331,0,0,0
6139,6,1333,0,0,0
6145,17,1317,0,0,0
6147,17,1319,0,0,0
6149,17,1321,0,0,0
6151,17,1361,0,0,0
6153,17,1261,1,0,0
6155,101,1317,0,0,0
6157,178,1319,0,0,0
6159,178,1361,0,0,0
6161,188,1247,0,0,0
6163,206,1323,1,0,0
6165,100,1325,0,0,0
6167,242,1331,0,0,0
6169,242,1423,1,0,0
6171,241,1331,0,0,0
6173,45,1331,0,0,0
6175,45,1373,1,0,0
6177,7,1331,0,0,0
6179,7,1351,0,0,0
6181,47,1333,0,0,0
6183,292,1333,0,0,0
6185,292,1399,0,0,1
6187,292,1435,1,0,0
6189,76,1337,0,0,0
6191,62,1345,0,0,0
6193,171,1345,0,0,0
6195,171,1431,0,0,0
6197,51,1345,0,0,0
6199,55,1347,0,0,0
6201,82,1351,1,0,0
6203,160,1355,0,0,0
6205,160,1249,0,0,0
6207,160,1367,0,1,0
6209,195,1355,0,0,0
6211,195,1367,0,1,0
6213,26,1357,0,0,0
6215,26,1249,0,0,0
6217,26,1367,0,1,0
6219,89,1359,1,0,0
6221,12,1369,1,0,0
6223,118,1383,1,0,0
6225,228,1369,0,0,0
6227,229,1369,1,0,0
6229,217,1383,1,0,0
6231,131,1385,0,0,0
6233,187,1393,0,0,0
6235,53,1253,0,0,0
6237,53,1399,0,0,1
6239,53,1429,1,0,0
6241,53,1339,0,0,0
6243,237,1253,0,0,0
6245,22,1397,1,0,0
6247,38,1403,1,0,0
6251,191,1405,0,0,0
6253,171,1535,0,0,0
6255,121,1535,0,0,0
6257,94,1535,0,0,0
6259,287,1533,0,0,0
6261,287,1531,0,0,0
6263,287,1529,0,0,0
6265,287,1525,0,0,0
6267,295,1531,0,0,0
6269,295,1529,0,0,0
6271,295,1525,0,0,0
6273,39,1505,0,0,0
6275,69,1505,0,0,0
6277,292,1537,0,0,1
6279,19,1537,0,0,1
6281,91,1503,1,1,0
6283,183,1501,0,0,0
6285,81,1501,0,0,0
6287,287,1523,1,0,0
6289,147,1497,0,0,0
6291,173,1497,0,0,0
6293,264,1497,0,0,0
6295,32,1509,0,0,0
6297,264,1509,0,0,0
6299,66,1509,0,0,0
6301,113,1509,0,0,0
6303,33,1509,0,0,0
6305,72,1509,0,0,0
6307,29,1509,0,0,0
6309,82,1495,0,0,0
6311,29,1495,0,0,0
6313,206,1425,0,0,0
6315,126,1493,0,0,0
6317,111,1409,0,0,0
6319,39,1489,0,0,0
6321,67,1409,0,0,0
6323,197,1255,1,0,1
6325,49,1257,0,0,1
6327,207,1415,0,0,0
6329,205,1415,0,0,0
6331,29,1487,0,0,0
6333,186,1415,0,0,0
6335,29,1455,0,0,0
6337,258,1417,0,0,0
6339,258,1415,0,0,0
6341,1,1267,0,0,0
6343,174,1421,1,0,0
6345,191,1421,1,0,0
6347,76,1259,0,0,0
6349,188,1259,0,0,0
6351,188,1337,0,0,0
6353,179,1267,0,0,0
6355,116,1267,0,0,0
6357,116,1443,0,0,1
6359,116,1513,0,0,0
6361,116,1515,0,0,0
6363,116,1463,0,0,1
6365,116,1519,0,0,1
6367,123,1267,0,0,0
6369,66,1267,0,0,0
6371,66,1443,0,0,1
6373,66,1513,0,0,0
6375,113,1267,0,0,0
6377,113,1443,0,0,1
6379,264,1269,0,0,0
6381,264,1443,0,0,1
6383,264,1515,0,0,0
6385,41,1269,0,0,0
6387,41,1467,0,0,0
6389,69,1269,0,0,0
6391,115,1269,0,0,0
6393,94,1269,0,0,0
6395,94,1445,0,0,0
6397,94,1467,0,0,0
6399,104,1269,0,0,0
6401,104,1453,0,0,0
6403,104,1467,0,0,0
6405,214,1269,0,0,0
6407,214,1441,0,0,0
6409,214,1515,0,0,0
6411,214,1519,0,0,1
6413,213,1269,0,0,0
6415,213,58,0,0,0
6417,67,1271,0,0,0
6419,68,1271,0,0,0
6421,121,1449,0,0,0
6423,265,1451,0,0,0
6425,146,1521,0,0,0
6427,107,1527,0,0,0
6429,112,1511,0,0,0
6431,45,1457,0,0,0
6433,112,1483,0,0,0
6435,160,1479,0,0,0
6437,188,1437,0,0,0
6439,88,1271,0,0,0
6441,88,1515,0,0,0
6443,88,1463,0,0,1
6445,88,1519,0,0,1
6447,5,1271,0,0,0
6449,62,1431,0,0,0
6451,62,1261,0,0,0
6453,73,1433,1,0,0
6455,13,1433,0,0,0
6457,28,1433,0,0,0
6459,236,1261,0,0,0
6461,24,1261,0,0,0
6463,93,1261,0,0,0
6465,93,1273,1,1,0
6467,61,1273,0,0,0
6469,158,1273,1,1,0
6471,218,1263,0,0,1
6473,228,1441,1,0,0
6475,234,1441,1,0,0
6477,229,1441,1,0,0
6479,29,1441,1,0,0
6481,87,1443,0,0,1
6483,292,1443,1,0,1
6485,8,1513,0,0,0
6487,62,1513,0,0,0
6489,258,1513,0,0,0
6491,163,1513,0,0,0
6493,171,1515,0,0,0
6495,240,1515,0,0,0
6497,262,1515,0,0,0
6499,61,1455,0,0,0
6501,17,1455,0,0,0
6503,263,1455,0,0,0
6505,24,1455,0,0,0
6507,211,1461,0,0,0
6509,199,1461,0,0,0
6511,112,1461,0,0,0
6513,112,1461,0,0,0
6515,70,1461,0,0,0
6517,146,1461,0,0,0
6519,28,1463,0,0,1
6521,21,1463,0,0,1
6523,206,1517,0,0,0
6525,174,1517,0,0,0
6527,258,1517,0,0,0
6529,52,1517,0,0,0
6531,21,1467,0,0,0
6533,164,1467,0,0,0
6535,121,1469,0,0,0
6537,121,1469,0,0,0
6539,5,1469,0,0,0
6541,57,1471,1,0,0
6543,242,1471,1,0,0
6545,233,1471,1,0,0
6547,112,1473,0,0,0
6549,112,1475,0,0,0
6551,22,1473,0,0,0
6553,26,1475,1,0,0
6555,26,1473,0,0,0
6557,160,1473,0,0,0
6559,160,1475,1,0,0
6561,73,1519,0,0,1
6563,17,1487,0,0,0
6565,93,1487,0,0,0
6567,47,1487,0,0,0
6569,81,884,0,1,0
6571,263,884,0,1,0
6572,304,364,1,0,0
6574,304,21,0,0,1
6576,304,365,0,0,1
6578,304,589,0,0,0
6580,304,874,0,0,1
6582,304,1443,0,0,1
6584,304,226,0,0,1
6586,304,651,0,0,0
6588,304,573,0,0,1
6590,304,367,0,0,0
6592,304,291,0,0,0
6594,304,927,1,0,0
6596,304,316,0,0,0
6598,304,772,0,0,1
6600,304,1043,0,0,0
6602,304,174,0,0,1
6604,304,1034,0,0,1
6606,304,199,0,0,0
6608,304,50,1,0,0
6610,304,51,1,0,0
6612,304,548,0,0,
6614,304,733,0,0,0
6616,304,331,1,1,0
6618,304,1155,1,0,0
6620,304,173,0,0,0
6622,304,808,0,0,0
6624,304,469,1,0,0
6626,304,1136,0,0,0
6628,304,1032,0,0,1
6630,304,835,1,1,0
6632,306,213,1,0,0
6634,306,1169,0,1,0
6636,306,214,1,0,0
6638,306,590,0,0,0
6640,306,1034,1,0,1
6642,306,1041,1,1,0
6644,306,199,0,0,0
6646,306,545,0,0,0
6648,306,215,0,0,1
6650,306,1108,0,0,0
6652,306,935,0,0,1
6654,306,1147,0,0,0
6656,306,1425,1,0,0
6658,306,315,0,0,
6660,306,1009,0,0,0
6662,306,547,0,0,1
6664,306,205,0,1,1
6666,306,777,0,0,1
6668,306,1148,0,0,0
6670,303,724,1,1,0
6672,303,191,1,1,0
6674,303,751,1,0,0
6676,303,729,1,1,0
6678,303,426,1,1,0
6680,303,204,0,0,1
6682,303,443,0,0,0
6684,303,1211,1,0,0
6686,303,121,1,0,0
6688,303,862,0,0,0
6690,303,752,0,0,0
6692,303,427,0,0,0
6694,303,1140,0,0,
6696,270,65,1,1,0
6698,270,114,0,1,0
6700,270,387,0,0,0
6702,270,69,1,1,1
6704,270,836,0,1,1
6706,270,185,0,0,1
6708,270,1111,0,0,1
6710,270,1069,0,0,1
6712,270,671,0,0,1
6714,270,585,1,1,1
6716,270,112,1,1,0
6718,270,1075,0,0,0
6720,270,617,0,0,1
6722,270,586,0,0,1
6724,270,616,0,0,1
6726,270,170,1,0,0
6728,273,69,1,1,1
6730,273,115,1,1,
6732,273,114,0,1,0
6734,273,113,0,0,1
6736,273,65,1,1,0
6738,273,387,0,0,0
6740,273,836,0,1,1
6742,273,185,0,0,1
6744,273,1111,0,0,1
6746,273,1069,0,0,1
6748,273,671,0,1,1
6750,273,585,1,1,1
6752,273,583,0,0,1
6754,273,1157,0,0,0
6756,274,535,1,1,0
6758,274,1177,1,1,0
6760,274,785,1,1,0
6762,274,140,0,0,0
6764,274,304,0,0,0
6766,274,66,1,1,0
6768,261,140,1,0,0
6770,261,191,1,1,0
6772,261,724,1,1,0
6774,261,204,0,0,1
6776,261,204,0,0,1
6778,261,443,0,0,0
6780,261,1211,1,0,0
6782,261,414,1,0,0
6784,261,121,1,0,0
6786,261,946,0,0,0
6788,261,426,1,0,0
6790,261,427,0,0,0
6792,261,1140,0,0,
6794,261,751,1,0,0
6796,261,519,0,1,
6798,261,740,0,0,0
6800,261,302,0,0,0
6802,282,117,0,0,0
6804,282,451,0,0,0
6806,282,367,0,0,0
6808,282,372,1,1,1
6810,282,600,1,0,
6812,282,1169,1,1,0
6814,282,315,0,0,
6816,282,1009,0,0,0
6818,282,213,1,1,0
6820,282,214,1,0,0
6822,282,51,1,0,0
6824,269,69,1,1,1
6826,269,65,1,1,0
6828,269,387,0,0,0
6830,269,836,0,0,1
6832,269,195,1,1,0
6834,269,584,1,1,
6836,269,1111,0,0,1
6838,269,1069,0,0,1
6840,269,585,1,1,1
6842,269,115,1,1,
6844,269,617,0,0,1
6846,269,586,0,0,1
6848,269,583,0,0,1
6850,269,1157,0,0,0
6852,269,158,1,0,1
6854,269,665,1,0,
6856,290,191,1,1,0
6858,290,153,0,0,0
6860,290,724,1,1,0
6862,290,1211,1,1,0
6864,290,862,0,0,0
6866,290,771,1,1,0
6868,290,834,1,1,0
6870,290,426,1,1,0
6872,290,462,0,0,1
6874,290,150,1,1,0
6876,290,152,0,0,1
6878,290,863,0,0,1
6880,281,140,1,1,0
6882,281,191,1,1,0
6884,281,603,0,0,0
6886,281,79,1,1,
6888,281,696,0,0,0
6890,281,558,0,0,0
6892,281,730,0,0,1
6894,281,1199,0,0,0
6896,281,1337,0,0,0
6898,271,140,0,0,0
6900,271,536,1,1,0
6902,271,535,1,1,0
6904,271,233,0,0,0
6906,271,1177,0,1,0
6908,271,785,0,0,0
6910,271,191,1,1,0
6912,271,704,1,0,0
6914,271,1196,1,1,0
6916,284,172,0,0,1
6918,284,652,0,0,1
6920,284,653,0,0,0
6922,284,41,1,0,0
6924,284,958,0,0,1
6926,284,419,1,0,
6928,284,590,1,0,0
6930,284,377,1,0,0
6932,284,185,0,0,1
6934,284,1154,0,0,0
6936,301,191,1,1,0
6938,301,724,1,0,0
6940,301,667,1,0,
6942,301,729,1,1,0
6944,301,1211,1,0,0
6946,301,1045,0,0,0
6948,301,121,1,0,0
6950,301,61,1,0,0
6952,301,426,1,1,0
6954,301,427,0,0,0
6956,301,751,1,0,0
6958,301,1359,1,1,0
6960,301,18,0,0,0
6962,301,865,0,0,0
6964,301,858,0,0,0
6966,301,13,1,0,0
6968,301,1138,0,0,0
6970,272,140,1,1,0
6972,272,191,1,1,0
6974,272,877,1,1,0
6976,272,920,1,1,0
6978,272,796,0,0,0
6980,272,930,0,0,0
6982,272,189,0,0,0
6984,272,707,0,0,0
6986,272,431,1,0,0
6988,272,1170,1,1,0
6990,272,999,1,1,0
6992,272,684,1,0,0
6994,272,1184,0,0,0
6996,272,1186,0,0,0
6998,272,899,0,0,0
7000,272,1421,0,0,0
7002,277,611,0,0,0
7004,277,793,1,1,0
7006,277,96,0,0,0
7008,277,392,0,0,0
7010,277,935,0,0,1
7012,277,1009,0,0,0
7014,277,1425,0,0,0
7016,277,213,0,0,0
7018,277,214,0,0,0
7020,277,215,0,0,1
7022,277,1169,0,0,0
7024,277,315,0,0,
7026,277,1148,0,0,0
7028,277,172,0,0,1
7030,277,1081,1,0,0
7032,277,169,0,0,0
7034,277,347,0,0,0
7036,277,513,0,0,0
7038,277,205,1,1,1
7040,277,654,0,0,1
7042,277,650,0,0,0
7044,277,1034,1,0,1
7046,277,227,1,0,
7048,277,1080,0,0,0
7050,277,1335,0,0,0
7052,284,2,1,0,0
7054,281,127,1,1,0
7056,281,425,0,0,0
7058,290,151,0,0,0
7060,269,279,0,0,0
7062,282,599,0,0,
7064,282,199,0,0,0
7066,282,727,1,0,
7068,282,726,0,0,0
7070,273,1050,0,0,0
7072,270,753,0,0,1
7074,270,897,1,1,1
7076,270,994,0,0,1
7078,270,322,0,0,1
7080,270,488,0,0,1
7082,270,103,0,0,1
7084,270,1077,0,0,0
7086,270,279,0,0,0
7088,303,934,1,0,0
7090,273,616,0,0,1
7092,261,613,0,0,0
7094,261,752,0,0,0
7096,282,277,0,0,0
7098,290,509,0,0,1
7100,272,188,1,1,0
