_id,created_at,updated_at,deleted_at,last_updated_at,last_deleted_at,common_order,is_dental
183,2008-12-05 01:02:09,2014-01-24 21:21:49,,1390598509.725,,9,0
184,2008-12-05 01:02:09,2014-11-06 18:39:25,,1415299165.736,,8,0
188,2008-12-05 01:02:09,2014-07-01 17:08:48,,1404234528.457,,13,0
191,2008-12-05 01:02:09,2014-06-27 19:54:54,,1403898894.018,,19,0
195,2008-12-05 01:02:09,2014-07-01 23:03:55,,1404255835.189,,16,0
197,2008-12-05 01:02:09,2013-07-16 21:23:49,,1374009829.16,,18,0
202,2008-12-05 01:02:09,2014-09-05 19:05:28,,1409943928.233,,23,0
226,2008-12-05 01:02:09,2011-07-25 21:03:42,,1311627822.624,,,0
228,2008-12-05 01:02:09,2014-01-24 21:14:39,,1390598079.853,,25,0
242,2008-12-05 01:02:09,2012-07-19 04:58:00,,1341506963.163,,2,0
249,2008-12-05 01:02:09,2015-01-23 13:54:54,,1422021294.25,,1,0
256,2008-12-05 01:02:09,2012-07-19 04:58:00,,1341506973.671,,4,0
270,2008-12-05 01:02:09,2014-01-24 21:14:15,,1390598055.894,,27,0
273,2008-12-05 01:02:09,2014-01-24 21:20:51,,1390598451.312,,15,0
335,2008-12-05 01:02:09,2014-06-27 19:55:21,,1403898921.007,,10,0
365,2008-12-05 01:02:10,2014-01-24 21:17:24,,1390598244.321,,21,0
380,2008-12-05 01:02:10,2014-01-24 21:16:36,,1390598196.965,,24,0
414,2008-12-05 01:02:10,2014-01-24 21:22:51,,1390598571.964,,,0
456,2008-12-05 01:02:10,2014-01-24 21:17:08,,1390598228.082,,22,0
516,2008-12-05 01:02:10,2013-06-23 17:56:11,,1372010171.363,,28,0
595,2008-12-05 01:02:10,2011-07-25 21:03:43,,1311627823.14,,,0
602,2008-12-05 01:02:10,2014-01-24 21:21:06,,1390598466.25,,14,0
774,2008-12-05 01:02:11,2011-07-25 21:03:43,,1311627823.168,,,0
1191,2009-05-31 18:04:17,2014-09-05 19:05:06,,1409943906.36,,,0
1192,2009-05-31 18:04:17,2011-07-25 21:03:43,,1311627823.188,,,0
1193,2009-05-31 18:04:18,2014-01-24 21:20:08,,1390598408.321,,17,0
1194,2009-05-31 18:04:18,2011-07-25 21:03:43,,1311627823.208,,,0
1195,2009-05-31 18:04:18,2012-07-05 16:49:08,,1341506948.059,,,0
1196,2009-05-31 18:04:18,2015-05-28 15:05:22,,1432825522.116,,7,0
1197,2009-05-31 18:04:19,2013-12-09 15:29:23,,1386602963.211,,,0
1198,2009-05-31 18:04:19,2011-07-25 21:03:43,,1311627823.244,,,0
1199,2009-05-31 18:04:19,2013-07-16 21:22:15,,1374009735.194,,,0
1200,2009-05-31 18:04:19,2013-07-16 21:24:44,,1374009884.224,,,0
1201,2009-05-31 18:04:20,2014-01-24 21:24:30,,1390598670.129,,11,0
1202,2009-05-31 18:04:20,2014-07-01 17:06:16,,1404234376.647,,,0
1203,2009-05-31 18:04:20,2011-08-08 18:00:07,,1312826407.993,,,0
1204,2009-05-31 18:04:21,2014-01-24 21:23:10,,1390598590.195,,6,0
1205,2009-05-31 18:04:21,2014-08-05 21:06:04,,1407272764.748,,20,0
1206,2009-05-31 18:04:22,2011-07-25 21:03:43,,1311627823.324,,,0
1207,2009-05-31 18:04:23,2013-07-16 21:13:19,,1374009199.29,,,0
1208,2009-05-31 18:04:25,2014-06-27 19:37:52,,1403897872.829,,,0
1209,2009-05-31 18:04:25,2011-09-02 22:31:15,2011-09-02 22:31:15,1313620824.947,,,0
1210,2009-05-31 18:04:25,2015-01-28 22:20:24,,1422483624.885,,,0
1211,2009-05-31 18:04:27,2011-08-08 18:09:20,2011-08-08 18:09:20,1311627823.368,,,0
1212,2009-05-31 18:04:27,2011-07-25 21:03:43,,1311627823.376,,,0
1213,2009-05-31 18:04:27,2011-08-17 22:34:25,,1313620465.467,,,0
1214,2009-05-31 18:04:28,2014-07-01 17:10:39,,1404234639.136,,0,0
1215,2009-05-31 18:04:29,2011-07-25 21:03:43,,1311627823.712,,,0
1216,2009-05-31 18:04:30,2013-07-16 21:15:19,,1374009319.852,,,0
1217,2009-05-31 18:04:30,2015-01-28 22:20:14,,1422483614.086,,,0
1218,2009-05-31 18:04:31,2013-07-16 21:29:34,,1374010174.253,,,0
1219,2009-05-31 18:04:33,2013-07-16 21:25:48,,1374009948.476,,,0
1220,2009-05-31 18:04:34,2011-07-25 21:03:43,,1311627823.752,,,0
1221,2009-05-31 18:04:35,2011-07-25 21:03:43,,1311627823.76,,,0
1222,2009-05-31 18:04:36,2013-07-16 21:18:17,,1374009497.36,,,0
1223,2009-05-31 18:04:36,2013-07-16 21:17:53,,1374009473.691,,,0
1224,2009-05-31 18:04:39,2013-07-16 21:27:24,,1374010044.557,,,0
1225,2009-05-31 18:04:39,2011-07-25 21:03:43,,1311627823.796,,,0
1226,2009-05-31 18:04:40,2013-07-16 21:24:30,,1374009870.164,,,0
1227,2009-05-31 18:04:41,2014-07-01 17:13:02,,1404234782.817,,,0
1228,2009-05-31 18:04:46,2012-01-18 23:41:24,,1326930084.427,,,0
1229,2009-05-31 18:04:48,2013-07-16 21:23:14,,1374009794.75,,,0
1230,2009-05-31 18:04:48,2013-07-16 21:19:06,,1374009546.286,,,0
1231,2009-05-31 18:04:48,2013-07-16 21:26:48,,1374010008.807,,,0
1232,2009-05-31 18:04:48,2011-07-25 21:03:43,,1311627823.856,,,0
1233,2009-05-31 18:04:49,2011-07-25 21:03:43,,1311627823.864,,,0
1234,2009-05-31 18:04:50,2011-07-25 21:03:43,,1311627823.872,,,0
1235,2009-05-31 18:04:54,2013-06-23 16:53:22,,1372006402.297,,,0
1236,2009-05-31 18:04:56,2011-07-25 21:03:43,,1311627823.892,,,0
1237,2009-05-31 18:05:04,2011-07-25 21:03:43,,1311627823.896,,,0
1238,2009-05-31 18:05:10,2011-07-25 21:03:43,,1311627823.904,,,0
1239,2009-05-31 18:05:12,2011-07-25 21:03:43,,1311627823.912,,,0
1240,2009-05-31 18:05:15,2013-06-23 17:00:15,,1372006815.273,,5,0
1241,2009-05-31 18:05:16,2011-08-17 22:36:57,,1313620617.604,,,0
1242,2009-05-31 18:05:22,2011-07-25 21:03:44,,1311627823.936,,,0
1243,2009-05-31 18:05:25,2011-07-25 21:03:44,,1311627824.232,,,0
1244,2009-05-31 18:05:26,2013-07-16 21:15:04,,1374009304.594,,,0
1245,2009-05-31 18:05:27,2011-07-25 21:03:44,,1311627824.288,,,0
1246,2009-05-31 18:05:33,2011-07-25 21:03:44,,1311627824.324,,,0
1247,2009-05-31 18:05:38,2013-07-16 21:27:09,,1374010029.13,,12,0
1248,2009-05-31 18:05:38,2011-07-25 21:03:44,,1311627824.372,,,0
1249,2009-05-31 18:05:41,2011-07-25 21:03:44,,1311627824.396,,,0
1250,2009-05-31 18:05:41,2012-07-19 04:58:00,,1342673880.817,,,0
1251,2009-05-31 18:05:43,2013-07-16 21:28:21,,1374010101.918,,,0
1252,2009-05-31 18:05:44,2013-07-16 21:24:58,,1374009898.102,,,0
1253,2009-05-31 18:05:48,2011-07-25 21:03:44,,1311627824.504,,,0
1254,2009-05-31 18:05:51,2013-07-16 21:25:19,,1374009919.253,,,0
1255,2009-05-31 18:05:53,2012-01-18 23:47:01,2012-01-18 23:47:01,1326930421.253,1326930421.51,,0
1256,2009-05-31 18:05:55,2011-07-25 21:03:44,,1311627824.544,,,0
1257,2009-05-31 18:05:59,2011-07-25 21:03:44,,1311627824.56,,,0
1258,2009-05-31 18:05:59,2014-07-01 17:16:58,,1404235018.732,,,0
1259,2009-05-31 18:06:04,2014-07-01 17:06:41,,1404234401.634,,,0
1260,2009-05-31 18:06:11,2013-07-16 21:22:36,,1374009756.841,,,0
1261,2009-05-31 18:06:23,2011-08-17 22:36:15,,1313620575.302,,,0
1262,2009-05-31 18:06:24,2011-07-25 21:03:44,,1311627824.648,,,0
1263,2009-05-31 18:06:39,2011-07-25 21:03:44,,1311627824.668,,,0
1264,2009-05-31 18:06:42,2011-07-25 21:03:44,,1311627824.688,,,0
1265,2009-05-31 18:06:47,2011-07-25 21:03:44,,1311627824.708,,,0
1266,2009-05-31 18:06:48,2011-07-25 21:03:44,,1311627824.728,,,0
1267,2009-05-31 18:07:03,2011-07-25 21:03:44,,1311627824.748,,,0
1268,2009-05-31 18:07:17,2011-07-25 21:03:44,,1311627824.808,,,0
1269,2009-05-31 18:07:25,2013-07-16 21:20:43,,1374009643.665,,,0
1270,2009-05-31 18:07:32,2011-07-25 21:03:44,,1311627824.836,,,0
1271,2009-05-31 18:07:55,2012-01-31 00:27:13,2012-01-31 00:27:13,1327969633.482,1327969634.122,,0
1272,2009-05-31 18:08:49,2013-07-16 21:17:07,,1374009427.82,,,0
1273,2009-05-31 18:08:57,2011-07-25 21:03:45,,1311627825.212,,,0
1274,2009-05-31 18:09:10,2012-01-23 20:44:52,2012-01-23 20:44:52,1327351492.737,1327351493.536,,0
1275,2009-05-31 18:09:18,2011-07-25 21:03:45,,1311627825.26,,,0
1276,2009-05-31 18:09:22,2013-07-16 21:21:05,,1374009665.383,,,0
1277,2009-05-31 18:09:43,2011-09-02 22:30:22,2011-09-02 22:30:22,1315002464.315,,,0
1278,2009-05-31 18:09:46,2011-07-25 21:03:45,,1311627825.32,,,0
1279,2009-05-31 18:09:56,2011-07-25 21:03:45,,1311627825.332,,,0
1280,2009-05-31 18:10:17,2011-07-25 21:03:45,,1311627825.344,,,0
1281,2009-05-31 18:10:49,2011-07-25 21:03:45,,1311627825.356,,,0
1282,2009-05-31 18:10:56,2013-07-16 21:29:05,,1374010145.764,,,0
1283,2009-05-31 18:11:22,2011-07-25 21:03:45,,1311627825.392,,,0
1284,2009-05-31 18:11:24,2013-07-16 21:27:44,,1374010064.536,,,0
1285,2009-05-31 18:11:46,2011-08-08 18:05:32,2011-08-08 18:05:32,1311627825.44,,,0
1286,2009-05-31 18:12:05,2013-07-16 21:24:04,,1374009844.112,,,0
1287,2009-05-31 18:12:13,2013-07-16 21:28:04,,1374010084.568,,,0
1288,2009-05-31 18:14:41,2011-07-25 21:03:45,,1311627825.468,,,0
1289,2009-05-31 18:17:30,2013-07-16 21:16:44,,1374009404.501,,,0
1290,2009-05-31 18:18:13,2013-06-23 16:52:48,,1372006368.084,,,0
1291,2009-05-31 18:20:57,2012-01-10 21:40:24,2012-01-10 21:40:24,1326231624.101,1326231624.363,,0
1292,2009-05-31 18:22:33,2011-07-25 21:03:45,,1311627825.5,,,0
1293,2009-05-31 19:35:21,2011-08-08 18:01:34,,1312826494.493,,,0
1294,2009-05-31 20:26:53,2011-07-25 21:03:45,,1311627825.52,,,0
1295,2009-05-31 20:35:45,2014-11-14 20:30:46,,1415997046.355,,3,0
1296,2009-05-31 20:38:00,2011-07-25 21:03:45,,1311627825.536,,,0
1297,2009-05-31 21:26:29,2011-07-25 21:03:45,,1311627825.544,,,0
1298,2009-05-31 23:01:45,2011-07-25 21:03:45,,1311627825.552,,,0
1300,2009-11-26 11:05:20,2013-06-23 17:05:52,,1372007152.445,,,0
1302,2010-04-22 21:16:05,2014-07-01 23:04:07,,1404255847.685,,26,0
1303,2010-08-19 23:06:32,2014-04-03 14:17:01,,1396534621.176,,,0
1304,2011-11-15 21:37:36,2012-01-18 23:48:48,,1326930528.788,,,0
1305,2010-08-19 23:17:43,2012-02-03 16:08:45,2012-02-03 16:08:45,1328285325.397,1328285325.761,,0
1308,2010-08-19 23:27:06,2011-08-02 19:38:57,,1312313937.097,,,0
1317,2012-01-10 21:40:17,2012-01-10 21:40:28,2012-01-10 21:40:28,1326231628.073,1326231628.486,,0
1343,2010-08-20 08:44:58,2013-07-16 21:26:03,,1374009963.858,,,0
1367,2010-10-29 22:28:51,2013-07-16 21:12:35,,1374009155.901,,,0
1386,2010-10-29 23:12:07,2015-02-17 20:17:47,,1424204267.26,,,0
1388,2010-10-29 23:15:11,2011-09-02 22:26:13,2011-09-02 22:26:13,1312313937.285,,,0
1394,2010-10-29 23:26:20,2011-08-08 18:10:01,2011-08-08 18:10:01,1312313937.305,,,0
1396,2010-10-29 23:31:35,2013-06-23 17:04:10,,1372007050.639,,,0
1398,2010-10-30 00:02:30,2014-06-27 19:54:43,,1403898883.635,,,0
1403,2010-10-30 00:35:36,2014-06-27 19:53:53,,1403898833.05,,,0
1411,2010-10-31 07:24:49,2014-11-14 20:30:58,,1415997058.247,,,0
1412,2010-10-31 07:24:49,2013-06-23 16:56:25,,1372006585.293,,,0
1414,2010-11-02 03:38:35,2014-01-24 21:23:37,,1390598617.491,,,0
1415,2010-11-03 01:02:38,2011-08-02 19:38:57,,1312313937.445,,,0
1416,2010-11-03 01:48:49,2015-03-10 17:16:14,,1426007774.426,,,0
1417,2010-11-03 02:37:23,2011-08-02 19:38:57,,1312313937.485,,,0
1418,2010-11-03 02:44:27,2012-01-10 21:40:24,2012-01-10 21:40:24,1326231624.998,1326231625.266,,0
1419,2011-06-03 03:08:19,2011-09-06 16:18:05,2011-09-06 16:18:05,1312313937.553,,,0
1420,2011-06-03 03:18:58,2012-01-10 21:40:26,2012-01-10 21:40:26,1326231626.288,1326231626.632,,0
1421,2011-06-03 03:18:59,2012-01-10 21:40:26,2012-01-10 21:40:26,1326231626.57,1326231626.835,,0
1422,2011-06-03 03:50:37,2011-09-02 22:36:06,2011-09-02 22:36:06,1312827315.619,,,0
1423,2011-06-03 04:04:39,2011-08-02 19:38:57,,1312313937.653,,,0
1424,2011-06-29 20:06:12,2011-08-08 18:30:04,,1312828204.006,,,0
1425,2011-06-29 20:07:53,2012-01-18 23:28:42,2012-01-18 23:28:42,1326929322.849,1326929323.729,,0
1426,2011-07-18 22:24:29,2014-07-01 17:11:56,,1404234716.908,,,0
1427,2011-08-17 15:33:23,2011-08-17 22:38:18,2011-08-17 22:38:18,1313595203.794,,,0
1428,2011-08-17 15:33:33,2011-08-17 22:37:38,2011-08-17 22:37:38,1313595213.485,,,0
1429,2011-08-17 15:33:41,2011-08-17 22:33:19,2011-08-17 22:33:19,1313619893.254,,,0
1430,2011-08-17 15:34:18,2011-08-17 22:35:08,2011-08-17 22:35:08,1313595258.331,,,0
1431,2011-08-17 15:34:25,2011-08-17 22:32:20,2011-08-17 22:32:20,1313619865.043,,,0
1432,2011-08-17 15:34:31,2011-08-17 22:40:19,2011-08-17 22:40:19,1313595271.255,,,0
1433,2011-08-17 15:35:21,2011-08-17 22:38:44,2011-08-17 22:38:44,1313595321.228,,,0
1434,2011-08-17 15:37:28,2011-08-17 22:36:12,2011-08-17 22:36:12,1313595448.722,,,0
1435,2011-08-17 15:38:11,2011-08-17 22:35:41,2011-08-17 22:35:41,1313595491.12,,,0
1436,2011-08-17 15:38:18,2011-08-17 22:36:52,2011-08-17 22:36:52,1313595498.988,,,0
1437,2011-08-17 15:41:17,2011-09-06 16:05:04,2011-09-06 16:05:04,1313620287.2,1313620287.15,,0
1438,2011-08-17 15:46:30,2011-08-17 22:39:52,2011-08-17 22:39:52,1313595990.093,,,0
1439,2011-08-17 16:32:54,2011-08-17 22:34:22,2011-08-17 22:34:22,1313598774.412,,,0
1440,2011-08-17 16:59:07,2011-08-17 22:31:16,2011-08-17 22:31:16,1313620245.99,,,0
1441,2011-08-31 17:09:03,2011-09-02 22:19:49,2011-09-02 22:19:49,1314810543.775,,,0
1442,2011-08-31 17:09:08,2011-09-02 22:22:53,2011-09-02 22:22:53,1314810548.926,,,0
1443,2011-08-31 17:10:04,2011-09-02 22:32:27,2011-09-02 22:32:27,1314810604.551,,,0
1445,2011-09-16 15:39:50,2012-01-18 23:43:15,2012-01-18 23:43:15,1326930195.433,1326930195.848,,0
1446,2011-09-16 15:48:05,2011-09-19 16:49:22,2011-09-19 16:49:22,1316450962.323,1316450962.365,,0
1447,2011-09-16 16:02:28,2013-06-23 17:07:33,,1372007253.722,,,0
1448,2011-09-30 17:46:52,2011-09-30 18:24:40,2011-09-30 18:24:40,1317407080.529,1317407080.573,,0
1449,2011-11-04 18:30:18,2012-12-07 05:51:15,2012-12-07 05:51:46,1354859475.441,1354859507.406,,0
1450,2011-11-15 21:43:04,2011-11-15 21:43:04,,1321393384.054,,,0
1451,2011-11-15 23:05:30,2012-01-18 23:30:06,2012-01-18 23:30:06,1326929406.637,1326929406.936,,0
1452,2011-11-30 16:36:26,2013-06-23 16:54:01,,1372006441.097,,,0
1453,2011-11-30 16:36:26,2011-11-30 16:36:26,,1322670986.959,,,0
1454,2011-11-30 16:45:19,2011-11-30 16:45:19,2012-04-05 16:49:53,1322671519.15,1333644594.426,,0
1455,2011-11-30 16:50:39,2011-11-30 16:50:39,,1322671839.775,,,0
1456,2011-11-30 16:55:01,2012-04-17 18:46:13,2012-01-18 23:41:19,1334688420,1334688420,,0
1457,2011-12-01 23:09:50,2012-01-18 23:14:08,2012-01-18 23:14:08,1326928448.221,1326928448.915,,0
1458,2012-01-04 19:57:35,2012-01-18 23:44:16,2012-01-18 23:44:16,1326930256.581,1326930256.836,,0
1459,2012-01-23 22:23:38,2014-06-27 19:54:31,,1403898871.231,,,0
1460,2012-02-20 16:32:38,2012-02-20 16:32:38,,1329755558.564,,,0
1461,2012-02-20 16:32:42,2012-02-20 16:32:42,,1329755562.539,,,0
1462,2012-02-20 16:32:42,2014-06-27 19:56:43,,1403899003.869,,,0
1463,2012-02-20 16:32:42,2014-06-27 19:56:53,,1403899013.943,,,0
1464,2012-02-20 16:32:43,2012-02-20 16:32:43,,1329755563.942,,,0
1465,2012-02-20 16:32:49,2012-02-20 16:32:49,,1329755569.339,,,0
1466,2012-02-27 20:17:04,2012-02-27 20:35:43,2012-02-27 20:32:06,1330374943.069,1330374726.588,,0
1467,2012-02-28 15:52:47,2012-02-28 15:52:47,2012-03-19 22:05:37,1330444367.211,,,0
1468,2012-03-15 17:54:03,2012-04-17 18:46:13,2012-04-17 02:19:56,1334688420,1334688420,,0
1469,2012-03-15 17:57:21,2012-04-17 18:46:13,2012-04-17 02:19:56,1334688420,1334688420,,0
1470,2012-03-15 18:02:18,2012-04-17 18:46:13,2012-04-17 02:19:56,1334688420,1334688420,,0
1471,2012-03-15 18:36:08,2012-04-17 18:46:13,2012-04-17 02:19:56,1334688420,1334688420,,0
1472,2012-03-16 06:25:23,2012-04-17 18:46:13,2012-04-17 02:19:56,1334688420,1334688420,,0
1473,2012-04-06 04:12:27,2012-04-17 18:46:13,2012-04-17 02:19:56,1334688420,1334688420,,0
1474,2012-04-06 04:17:12,2012-04-06 04:17:12,2012-09-20 15:38:57,1333685832.689,1348155537.929,,0
1475,2012-04-06 04:17:12,2012-07-05 16:49:06,2012-09-20 15:38:38,1341506946.023,1348155519.054,,0
1476,2012-04-06 04:54:26,2012-04-17 18:46:13,2012-04-17 02:19:56,1334688420,1334688420,,0
1477,2012-04-06 05:08:21,2012-04-17 18:46:13,2012-04-17 02:19:56,1334688420,1334688420,,0
1478,2012-04-06 05:28:57,2012-04-17 18:46:13,2012-04-17 02:19:56,1334688420,1334688420,,0
1479,2012-04-06 05:38:58,2012-04-17 18:46:13,2012-04-17 02:19:56,1334688420,1334688420,,0
1480,2012-04-06 06:00:13,2012-04-17 18:46:13,2012-04-17 02:19:56,1334688420,1334688420,,0
1481,2012-04-13 20:06:52,2012-04-17 18:46:13,2012-04-17 02:19:56,1334688420,1334688420,,0
1482,2012-05-31 15:46:59,2013-07-16 21:19:48,,1374009588.546,,,0
1483,2012-06-01 20:32:00,2012-06-01 20:32:00,2012-09-20 18:05:43,1338582720.995,1348164343.189,,0
1484,2012-07-12 17:26:20,2012-07-12 17:26:20,2012-12-07 05:50:56,1342113980.418,1354859457.13,,0
1485,2012-07-12 18:27:12,2013-06-23 17:10:40,,1372007440.997,,,0
1486,2012-07-12 18:36:25,2012-07-12 18:36:25,2012-12-07 05:55:12,1342118185.928,1354859712.949,,0
1487,2012-08-15 15:52:53,2012-08-15 15:52:53,2013-04-08 23:16:23,1345045973.81,1365462984.125,,0
1488,2012-12-14 23:21:40,2014-06-27 19:56:33,,1403898993.505,,,0
1489,2012-12-15 00:07:35,2013-06-23 17:46:36,,1372009596.654,,,0
1490,2012-12-15 00:07:35,2012-12-15 00:07:35,,1355530055.124,,,0
1491,2012-12-15 00:07:36,2012-12-15 00:07:36,2013-01-15 18:02:00,1355530056.911,1358272920.089,,0
1492,2013-03-13 18:18:03,2013-03-13 18:18:03,,1363198683.007,,,0
1493,2013-03-21 21:21:09,2013-03-21 21:21:09,,1363900869.525,,,0
1494,2013-05-17 03:13:17,2013-06-23 17:02:03,,1372006923.818,,,0
1495,2013-05-17 03:13:17,2013-06-23 17:05:03,,1372007103.902,,,0
1496,2013-05-17 03:13:17,2013-06-23 17:12:20,,1372007540.836,,,0
1497,2013-05-17 03:13:17,2014-06-27 19:54:16,,1403898856.408,,,0
1498,2013-05-17 03:13:17,2013-06-23 17:51:37,,1372009897.704,,,0
1499,2013-05-17 03:13:17,2013-06-23 17:51:51,,1372009911.364,,,0
1500,2013-05-17 03:13:17,2013-06-23 17:16:50,,1372007810.242,,,0
1501,2013-05-17 03:13:17,2013-06-23 17:17:26,,1372007846.492,,,0
1502,2013-05-17 03:13:17,2013-06-23 17:52:50,,1372009970.173,,,0
1503,2013-05-17 03:13:17,2013-06-23 17:53:21,,1372010001.898,,,0
1504,2013-05-17 03:13:17,2013-06-23 17:43:18,,1372009398.874,,,0
1505,2013-05-17 03:13:17,2013-06-23 17:43:34,,1372009414.604,,,0
1506,2013-05-17 03:13:17,2013-06-23 17:44:36,,1372009476.585,,,0
1507,2013-05-17 03:13:17,2013-06-23 17:55:35,,1372010135.466,,,0
1508,2013-05-30 21:56:51,2013-05-30 21:56:51,2013-05-30 21:57:05,1369951011.268,1369951026.121,,0
1510,2015-08-18 20:21:02,2015-08-18 20:21:02,,1439929262.437,,,0
